hour, t(sec), V1, VAngle1, I1, IAngle1
0, 60.00000, 2839.53, -123.809, 0.000179134, -35.0645
0, 120.00000, 2839.53, -123.809, 0.000179134, -35.0646
0, 180.00000, 2839.53, -123.809, 0.000179134, -35.0645
0, 240.00000, 2839.53, -123.809, 0.000179134, -35.0646
0, 300.00000, 2839.53, -123.809, 0.000179134, -35.0645
0, 360.00000, 2839.53, -123.809, 0.000179134, -35.0646
0, 420.00000, 2839.53, -123.809, 0.000179134, -35.0645
0, 480.00000, 2839.53, -123.809, 0.000179134, -35.0645
0, 540.00000, 2839.53, -123.809, 0.000179134, -35.0645
0, 600.00000, 2839.53, -123.809, 0.000179134, -35.0645
0, 660.00000, 2839.53, -123.809, 0.000179134, -35.0645
0, 720.00000, 2839.53, -123.809, 0.000179134, -35.0645
0, 780.00000, 2839.53, -123.809, 0.000179134, -35.0645
0, 840.00000, 2839.53, -123.809, 0.000179134, -35.0645
0, 900.00000, 2839.53, -123.809, 0.000179134, -35.0645
0, 960.00000, 2839.53, -123.809, 0.000179134, -35.0645
0, 1020.00000, 2839.53, -123.809, 0.000179134, -35.0645
0, 1080.00000, 2839.53, -123.809, 0.000179134, -35.0645
0, 1140.00000, 2839.53, -123.809, 0.000179134, -35.0645
0, 1200.00000, 2839.53, -123.809, 0.000179134, -35.0645
0, 1260.00000, 2839.53, -123.809, 0.000179134, -35.0645
0, 1320.00000, 2839.53, -123.809, 0.000179134, -35.0645
0, 1380.00000, 2839.53, -123.809, 0.000179134, -35.0645
0, 1440.00000, 2839.53, -123.809, 0.000179134, -35.0645
0, 1500.00000, 2839.53, -123.809, 0.000179134, -35.0645
0, 1560.00000, 2839.53, -123.809, 0.000179134, -35.0645
0, 1620.00000, 2839.53, -123.809, 0.000179134, -35.0645
0, 1680.00000, 2839.53, -123.809, 0.000179134, -35.0645
0, 1740.00000, 2839.53, -123.809, 0.000179134, -35.0645
0, 1800.00000, 2839.53, -123.809, 0.000179134, -35.0645
0, 1860.00000, 2839.53, -123.809, 0.000179134, -35.0645
0, 1920.00000, 2839.53, -123.809, 0.000179134, -35.0645
0, 1980.00000, 2839.53, -123.809, 0.000179134, -35.0645
0, 2040.00000, 2839.53, -123.809, 0.000179134, -35.0645
0, 2100.00000, 2839.53, -123.809, 0.000179134, -35.0645
0, 2160.00000, 2839.53, -123.809, 0.000179134, -35.0645
0, 2220.00000, 2839.53, -123.809, 0.000179134, -35.0645
0, 2280.00000, 2839.53, -123.809, 0.000179134, -35.0645
0, 2340.00000, 2839.53, -123.809, 0.000179134, -35.0645
0, 2400.00000, 2839.53, -123.809, 0.000179134, -35.0645
0, 2460.00000, 2839.53, -123.809, 0.000179134, -35.0645
0, 2520.00000, 2839.53, -123.809, 0.000179134, -35.0645
0, 2580.00000, 2839.53, -123.809, 0.000179134, -35.0645
0, 2640.00000, 2839.53, -123.809, 0.000179134, -35.0645
0, 2700.00000, 2839.53, -123.809, 0.000179134, -35.0645
0, 2760.00000, 2839.53, -123.809, 0.000179134, -35.0645
0, 2820.00000, 2839.53, -123.809, 0.000179134, -35.0645
0, 2880.00000, 2839.53, -123.809, 0.000179134, -35.0645
0, 2940.00000, 2839.53, -123.809, 0.000179134, -35.0645
0, 3000.00000, 2839.53, -123.809, 0.000179134, -35.0645
0, 3060.00000, 2839.53, -123.809, 0.000179134, -35.0645
0, 3120.00000, 2839.53, -123.809, 0.000179134, -35.0645
0, 3180.00000, 2839.53, -123.809, 0.000179134, -35.0645
0, 3240.00000, 2839.53, -123.809, 0.000179134, -35.0645
0, 3300.00000, 2839.53, -123.809, 0.000179134, -35.0645
0, 3360.00000, 2839.53, -123.809, 0.000179134, -35.0645
0, 3420.00000, 2839.53, -123.809, 0.000179134, -35.0645
0, 3480.00000, 2839.53, -123.809, 0.000179134, -35.0645
0, 3540.00000, 2839.53, -123.809, 0.000179134, -35.0645
1, 0.00000, 2839.53, -123.809, 0.000179134, -35.0645
1, 60.00000, 2839.53, -123.809, 0.000179134, -35.0645
1, 120.00000, 2839.53, -123.809, 0.000179134, -35.0645
1, 180.00000, 2839.53, -123.809, 0.000179134, -35.0645
1, 240.00000, 2839.53, -123.809, 0.000179134, -35.0645
1, 300.00000, 2839.53, -123.809, 0.000179134, -35.0645
1, 360.00000, 2839.53, -123.809, 0.000179134, -35.0645
1, 420.00000, 2839.53, -123.809, 0.000179134, -35.0645
1, 480.00000, 2839.53, -123.809, 0.000179134, -35.0645
1, 540.00000, 2839.53, -123.809, 0.000179134, -35.0645
1, 600.00000, 2839.53, -123.809, 0.000179134, -35.0645
1, 660.00000, 2839.53, -123.809, 0.000179134, -35.0645
1, 720.00000, 2839.53, -123.809, 0.000179134, -35.0645
1, 780.00000, 2839.53, -123.809, 0.000179134, -35.0645
1, 840.00000, 2839.53, -123.809, 0.000179134, -35.0645
1, 900.00000, 2839.53, -123.809, 0.000179134, -35.0645
1, 960.00000, 2839.53, -123.809, 0.000179134, -35.0645
1, 1020.00000, 2839.53, -123.809, 0.000179134, -35.0645
1, 1080.00000, 2839.53, -123.809, 0.000179134, -35.0645
1, 1140.00000, 2839.53, -123.809, 0.000179134, -35.0645
1, 1200.00000, 2839.53, -123.809, 0.000179134, -35.0645
1, 1260.00000, 2839.53, -123.809, 0.000179134, -35.0645
1, 1320.00000, 2839.53, -123.809, 0.000179134, -35.0645
1, 1380.00000, 2839.53, -123.809, 0.000179134, -35.0645
1, 1440.00000, 2839.53, -123.809, 0.000179134, -35.0645
1, 1500.00000, 2839.53, -123.809, 0.000179134, -35.0645
1, 1560.00000, 2839.53, -123.809, 0.000179134, -35.0645
1, 1620.00000, 2839.53, -123.809, 0.000179134, -35.0645
1, 1680.00000, 2839.53, -123.809, 0.000179134, -35.0645
1, 1740.00000, 2839.53, -123.809, 0.000179134, -35.0645
1, 1800.00000, 2839.53, -123.809, 0.000179134, -35.0645
1, 1860.00000, 2839.53, -123.809, 0.000179134, -35.0645
1, 1920.00000, 2839.53, -123.809, 0.000179134, -35.0645
1, 1980.00000, 2839.53, -123.809, 0.000179134, -35.0645
1, 2040.00000, 2839.53, -123.809, 0.000179134, -35.0645
1, 2100.00000, 2839.53, -123.809, 0.000179134, -35.0645
1, 2160.00000, 2839.53, -123.809, 0.000179134, -35.0645
1, 2220.00000, 2839.53, -123.809, 0.000179134, -35.0645
1, 2280.00000, 2839.53, -123.809, 0.000179134, -35.0645
1, 2340.00000, 2839.53, -123.809, 0.000179134, -35.0645
1, 2400.00000, 2839.53, -123.809, 0.000179134, -35.0645
1, 2460.00000, 2839.53, -123.809, 0.000179134, -35.0645
1, 2520.00000, 2839.53, -123.809, 0.000179134, -35.0645
1, 2580.00000, 2839.53, -123.809, 0.000179134, -35.0645
1, 2640.00000, 2839.53, -123.809, 0.000179134, -35.0645
1, 2700.00000, 2839.53, -123.809, 0.000179134, -35.0645
1, 2760.00000, 2839.53, -123.809, 0.000179134, -35.0645
1, 2820.00000, 2839.53, -123.809, 0.000179134, -35.0645
1, 2880.00000, 2839.53, -123.809, 0.000179134, -35.0645
1, 2940.00000, 2839.53, -123.809, 0.000179134, -35.0645
1, 3000.00000, 2839.53, -123.809, 0.000179134, -35.0645
1, 3060.00000, 2839.53, -123.809, 0.000179134, -35.0645
1, 3120.00000, 2839.53, -123.809, 0.000179134, -35.0645
1, 3180.00000, 2839.53, -123.809, 0.000179134, -35.0645
1, 3240.00000, 2839.53, -123.809, 0.000179134, -35.0645
1, 3300.00000, 2839.53, -123.809, 0.000179134, -35.0645
1, 3360.00000, 2839.53, -123.809, 0.000179134, -35.0645
1, 3420.00000, 2839.53, -123.809, 0.000179134, -35.0645
1, 3480.00000, 2839.53, -123.809, 0.000179134, -35.0645
1, 3540.00000, 2839.53, -123.809, 0.000179134, -35.0645
2, 0.00000, 2839.53, -123.809, 0.000179134, -35.0645
2, 60.00000, 2839.53, -123.809, 0.000179134, -35.0645
2, 120.00000, 2839.53, -123.809, 0.000179134, -35.0645
2, 180.00000, 2839.53, -123.809, 0.000179134, -35.0645
2, 240.00000, 2839.53, -123.809, 0.000179134, -35.0645
2, 300.00000, 2839.53, -123.809, 0.000179134, -35.0645
2, 360.00000, 2839.53, -123.809, 0.000179134, -35.0645
2, 420.00000, 2839.53, -123.809, 0.000179134, -35.0645
2, 480.00000, 2839.53, -123.809, 0.000179134, -35.0645
2, 540.00000, 2839.53, -123.809, 0.000179134, -35.0645
2, 600.00000, 2839.53, -123.809, 0.000179134, -35.0645
2, 660.00000, 2839.53, -123.809, 0.000179134, -35.0645
2, 720.00000, 2839.53, -123.809, 0.000179134, -35.0645
2, 780.00000, 2839.53, -123.809, 0.000179134, -35.0645
2, 840.00000, 2839.53, -123.809, 0.000179134, -35.0645
2, 900.00000, 2839.53, -123.809, 0.000179134, -35.0645
2, 960.00000, 2839.53, -123.809, 0.000179134, -35.0645
2, 1020.00000, 2839.53, -123.809, 0.000179134, -35.0645
2, 1080.00000, 2839.53, -123.809, 0.000179134, -35.0645
2, 1140.00000, 2839.53, -123.809, 0.000179134, -35.0645
2, 1200.00000, 2839.53, -123.809, 0.000179134, -35.0645
2, 1260.00000, 2839.53, -123.809, 0.000179134, -35.0645
2, 1320.00000, 2839.53, -123.809, 0.000179134, -35.0645
2, 1380.00000, 2839.53, -123.809, 0.000179134, -35.0645
2, 1440.00000, 2839.53, -123.809, 0.000179134, -35.0645
2, 1500.00000, 2839.53, -123.809, 0.000179134, -35.0645
2, 1560.00000, 2839.53, -123.809, 0.000179134, -35.0645
2, 1620.00000, 2839.53, -123.809, 0.000179134, -35.0645
2, 1680.00000, 2839.53, -123.809, 0.000179134, -35.0645
2, 1740.00000, 2839.53, -123.809, 0.000179134, -35.0645
2, 1800.00000, 2839.53, -123.809, 0.000179134, -35.0645
2, 1860.00000, 2839.53, -123.809, 0.000179134, -35.0645
2, 1920.00000, 2839.53, -123.809, 0.000179134, -35.0645
2, 1980.00000, 2839.53, -123.809, 0.000179134, -35.0645
2, 2040.00000, 2839.53, -123.809, 0.000179134, -35.0645
2, 2100.00000, 2839.53, -123.809, 0.000179134, -35.0645
2, 2160.00000, 2839.53, -123.809, 0.000179134, -35.0645
2, 2220.00000, 2839.53, -123.809, 0.000179134, -35.0645
2, 2280.00000, 2839.53, -123.809, 0.000179134, -35.0645
2, 2340.00000, 2839.53, -123.809, 0.000179134, -35.0645
2, 2400.00000, 2839.53, -123.809, 0.000179134, -35.0645
2, 2460.00000, 2839.53, -123.809, 0.000179134, -35.0645
2, 2520.00000, 2839.53, -123.809, 0.000179134, -35.0645
2, 2580.00000, 2839.53, -123.809, 0.000179134, -35.0645
2, 2640.00000, 2839.53, -123.809, 0.000179134, -35.0645
2, 2700.00000, 2839.53, -123.809, 0.000179134, -35.0645
2, 2760.00000, 2839.53, -123.809, 0.000179134, -35.0645
2, 2820.00000, 2839.53, -123.809, 0.000179134, -35.0645
2, 2880.00000, 2839.53, -123.809, 0.000179134, -35.0645
2, 2940.00000, 2839.53, -123.809, 0.000179134, -35.0645
2, 3000.00000, 2839.53, -123.809, 0.000179134, -35.0645
2, 3060.00000, 2839.53, -123.809, 0.000179134, -35.0645
2, 3120.00000, 2839.53, -123.809, 0.000179134, -35.0645
2, 3180.00000, 2839.53, -123.809, 0.000179134, -35.0645
2, 3240.00000, 2839.53, -123.809, 0.000179134, -35.0645
2, 3300.00000, 2839.53, -123.809, 0.000179134, -35.0645
2, 3360.00000, 2839.53, -123.809, 0.000179134, -35.0645
2, 3420.00000, 2839.53, -123.809, 0.000179134, -35.0645
2, 3480.00000, 2839.53, -123.809, 0.000179134, -35.0645
2, 3540.00000, 2839.53, -123.809, 0.000179134, -35.0645
3, 0.00000, 2839.53, -123.809, 0.000179134, -35.0645
3, 60.00000, 2839.53, -123.809, 0.000179134, -35.0645
3, 120.00000, 2839.53, -123.809, 0.000179134, -35.0645
3, 180.00000, 2839.53, -123.809, 0.000179134, -35.0645
3, 240.00000, 2839.53, -123.809, 0.000179134, -35.0645
3, 300.00000, 2839.53, -123.809, 0.000179134, -35.0645
3, 360.00000, 2839.53, -123.809, 0.000179134, -35.0645
3, 420.00000, 2839.53, -123.809, 0.000179134, -35.0645
3, 480.00000, 2839.53, -123.809, 0.000179134, -35.0645
3, 540.00000, 2839.53, -123.809, 0.000179134, -35.0645
3, 600.00000, 2839.53, -123.809, 0.000179134, -35.0645
3, 660.00000, 2839.53, -123.809, 0.000179134, -35.0645
3, 720.00000, 2839.53, -123.809, 0.000179134, -35.0645
3, 780.00000, 2839.53, -123.809, 0.000179134, -35.0645
3, 840.00000, 2839.53, -123.809, 0.000179134, -35.0645
3, 900.00000, 2839.53, -123.809, 0.000179134, -35.0645
3, 960.00000, 2839.53, -123.809, 0.000179134, -35.0645
3, 1020.00000, 2839.53, -123.809, 0.000179134, -35.0645
3, 1080.00000, 2839.53, -123.809, 0.000179134, -35.0645
3, 1140.00000, 2839.53, -123.809, 0.000179134, -35.0645
3, 1200.00000, 2839.53, -123.809, 0.000179134, -35.0645
3, 1260.00000, 2839.53, -123.809, 0.000179134, -35.0645
3, 1320.00000, 2839.53, -123.809, 0.000179134, -35.0645
3, 1380.00000, 2839.53, -123.809, 0.000179134, -35.0645
3, 1440.00000, 2839.53, -123.809, 0.000179134, -35.0645
3, 1500.00000, 2839.53, -123.809, 0.000179134, -35.0645
3, 1560.00000, 2839.53, -123.809, 0.000179134, -35.0645
3, 1620.00000, 2839.53, -123.809, 0.000179134, -35.0645
3, 1680.00000, 2839.53, -123.809, 0.000179134, -35.0645
3, 1740.00000, 2839.53, -123.809, 0.000179134, -35.0645
3, 1800.00000, 2839.53, -123.809, 0.000179134, -35.0645
3, 1860.00000, 2839.53, -123.809, 0.000179134, -35.0645
3, 1920.00000, 2839.53, -123.809, 0.000179134, -35.0645
3, 1980.00000, 2839.53, -123.809, 0.000179134, -35.0645
3, 2040.00000, 2839.53, -123.809, 0.000179134, -35.0645
3, 2100.00000, 2839.53, -123.809, 0.000179134, -35.0645
3, 2160.00000, 2839.53, -123.809, 0.000179134, -35.0645
3, 2220.00000, 2839.53, -123.809, 0.000179134, -35.0645
3, 2280.00000, 2839.53, -123.809, 0.000179134, -35.0645
3, 2340.00000, 2839.53, -123.809, 0.000179134, -35.0645
3, 2400.00000, 2839.53, -123.809, 0.000179134, -35.0645
3, 2460.00000, 2839.53, -123.809, 0.000179134, -35.0645
3, 2520.00000, 2839.53, -123.809, 0.000179134, -35.0645
3, 2580.00000, 2839.53, -123.809, 0.000179134, -35.0645
3, 2640.00000, 2839.53, -123.809, 0.000179134, -35.0645
3, 2700.00000, 2839.53, -123.809, 0.000179134, -35.0645
3, 2760.00000, 2839.53, -123.809, 0.000179134, -35.0645
3, 2820.00000, 2839.53, -123.809, 0.000179134, -35.0645
3, 2880.00000, 2839.53, -123.809, 0.000179134, -35.0645
3, 2940.00000, 2839.53, -123.809, 0.000179134, -35.0645
3, 3000.00000, 2839.53, -123.809, 0.000179134, -35.0645
3, 3060.00000, 2839.53, -123.809, 0.000179134, -35.0645
3, 3120.00000, 2839.53, -123.809, 0.000179134, -35.0645
3, 3180.00000, 2839.53, -123.809, 0.000179134, -35.0645
3, 3240.00000, 2839.53, -123.809, 0.000179134, -35.0645
3, 3300.00000, 2839.53, -123.809, 0.000179134, -35.0645
3, 3360.00000, 2839.53, -123.809, 0.000179134, -35.0645
3, 3420.00000, 2839.53, -123.809, 0.000179134, -35.0645
3, 3480.00000, 2839.53, -123.809, 0.000179134, -35.0645
3, 3540.00000, 2839.53, -123.809, 0.000179134, -35.0645
4, 0.00000, 2839.53, -123.809, 0.000179134, -35.0645
4, 60.00000, 2839.53, -123.809, 0.000179134, -35.0645
4, 120.00000, 2839.53, -123.809, 0.000179134, -35.0645
4, 180.00000, 2839.53, -123.809, 0.000179134, -35.0645
4, 240.00000, 2839.53, -123.809, 0.000179134, -35.0645
4, 300.00000, 2839.53, -123.809, 0.000179134, -35.0645
4, 360.00000, 2839.53, -123.809, 0.000179134, -35.0645
4, 420.00000, 2839.53, -123.809, 0.000179134, -35.0645
4, 480.00000, 2839.53, -123.809, 0.000179134, -35.0645
4, 540.00000, 2839.53, -123.809, 0.000179134, -35.0645
4, 600.00000, 2839.53, -123.809, 0.000179134, -35.0645
4, 660.00000, 2839.53, -123.809, 0.000179134, -35.0645
4, 720.00000, 2839.53, -123.809, 0.000179134, -35.0645
4, 780.00000, 2839.53, -123.809, 0.000179134, -35.0645
4, 840.00000, 2839.53, -123.809, 0.000179134, -35.0645
4, 900.00000, 2839.53, -123.809, 0.000179134, -35.0645
4, 960.00000, 2839.53, -123.809, 0.000179134, -35.0645
4, 1020.00000, 2839.53, -123.809, 0.000179134, -35.0645
4, 1080.00000, 2839.53, -123.809, 0.000179134, -35.0645
4, 1140.00000, 2839.53, -123.809, 0.000179134, -35.0645
4, 1200.00000, 2839.53, -123.809, 0.000179134, -35.0645
4, 1260.00000, 2839.53, -123.809, 0.000179134, -35.0645
4, 1320.00000, 2839.53, -123.809, 0.000179134, -35.0645
4, 1380.00000, 2839.53, -123.809, 0.000179134, -35.0645
4, 1440.00000, 2839.53, -123.809, 0.000179134, -35.0645
4, 1500.00000, 2839.53, -123.809, 0.000179134, -35.0645
4, 1560.00000, 2839.53, -123.809, 0.000179134, -35.0645
4, 1620.00000, 2839.53, -123.809, 0.000179134, -35.0645
4, 1680.00000, 2839.53, -123.809, 0.000179134, -35.0645
4, 1740.00000, 2839.53, -123.809, 0.000179134, -35.0645
4, 1800.00000, 2839.53, -123.809, 0.000179134, -35.0645
4, 1860.00000, 2839.53, -123.809, 0.000179134, -35.0645
4, 1920.00000, 2839.53, -123.809, 0.000179134, -35.0645
4, 1980.00000, 2839.53, -123.809, 0.000179134, -35.0645
4, 2040.00000, 2839.53, -123.809, 0.000179134, -35.0645
4, 2100.00000, 2839.53, -123.809, 0.000179134, -35.0645
4, 2160.00000, 2839.53, -123.809, 0.000179134, -35.0645
4, 2220.00000, 2839.53, -123.809, 0.000179134, -35.0645
4, 2280.00000, 2839.53, -123.809, 0.000179134, -35.0645
4, 2340.00000, 2839.53, -123.809, 0.000179134, -35.0645
4, 2400.00000, 2839.53, -123.809, 0.000179134, -35.0645
4, 2460.00000, 2839.53, -123.809, 0.000179134, -35.0645
4, 2520.00000, 2839.53, -123.809, 0.000179134, -35.0645
4, 2580.00000, 2839.53, -123.809, 0.000179134, -35.0645
4, 2640.00000, 2839.53, -123.809, 0.000179134, -35.0645
4, 2700.00000, 2839.53, -123.809, 0.000179134, -35.0645
4, 2760.00000, 2839.53, -123.809, 0.000179134, -35.0645
4, 2820.00000, 2839.53, -123.809, 0.000179134, -35.0645
4, 2880.00000, 2839.53, -123.809, 0.000179134, -35.0645
4, 2940.00000, 2839.53, -123.809, 0.000179134, -35.0645
4, 3000.00000, 2839.53, -123.809, 0.000179134, -35.0645
4, 3060.00000, 2839.53, -123.809, 0.000179134, -35.0645
4, 3120.00000, 2839.53, -123.809, 0.000179134, -35.0645
4, 3180.00000, 2839.53, -123.809, 0.000179134, -35.0645
4, 3240.00000, 2839.53, -123.809, 0.000179134, -35.0645
4, 3300.00000, 2839.53, -123.809, 0.000179134, -35.0645
4, 3360.00000, 2839.53, -123.809, 0.000179134, -35.0645
4, 3420.00000, 2839.53, -123.809, 0.000179134, -35.0645
4, 3480.00000, 2839.53, -123.809, 0.000179134, -35.0645
4, 3540.00000, 2839.53, -123.809, 0.000179134, -35.0645
5, 0.00000, 2839.53, -123.809, 0.000179134, -35.0645
5, 60.00000, 2839.53, -123.809, 0.000179134, -35.0645
5, 120.00000, 2839.53, -123.809, 0.000179134, -35.0645
5, 180.00000, 2839.53, -123.809, 0.000179134, -35.0645
5, 240.00000, 2839.53, -123.809, 0.000179134, -35.0645
5, 300.00000, 2839.53, -123.809, 0.000179134, -35.0645
5, 360.00000, 2839.53, -123.809, 0.000179134, -35.0645
5, 420.00000, 2839.53, -123.809, 0.000179134, -35.0645
5, 480.00000, 2839.53, -123.809, 0.000179134, -35.0645
5, 540.00000, 2839.53, -123.809, 0.000179134, -35.0645
5, 600.00000, 2839.53, -123.809, 0.000179134, -35.0645
5, 660.00000, 2839.53, -123.809, 0.000179134, -35.0645
5, 720.00000, 2839.53, -123.809, 0.000179134, -35.0645
5, 780.00000, 2839.53, -123.809, 0.000179134, -35.0645
5, 840.00000, 2839.53, -123.809, 0.000179134, -35.0645
5, 900.00000, 2839.53, -123.809, 0.000179134, -35.0645
5, 960.00000, 2839.53, -123.809, 0.000179134, -35.0645
5, 1020.00000, 2839.53, -123.809, 0.000179134, -35.0645
5, 1080.00000, 2839.53, -123.809, 0.000179134, -35.0645
5, 1140.00000, 2839.53, -123.809, 0.000179134, -35.0645
5, 1200.00000, 2839.53, -123.809, 0.000179134, -35.0645
5, 1260.00000, 2839.53, -123.809, 0.000179134, -35.0645
5, 1320.00000, 2839.53, -123.809, 0.000179134, -35.0645
5, 1380.00000, 2839.53, -123.809, 0.000179134, -35.0645
5, 1440.00000, 2839.53, -123.809, 0.000179134, -35.0645
5, 1500.00000, 2839.53, -123.809, 0.000179134, -35.0645
5, 1560.00000, 2839.53, -123.809, 0.000179134, -35.0645
5, 1620.00000, 2839.53, -123.809, 0.000179134, -35.0645
5, 1680.00000, 2839.53, -123.809, 0.000179134, -35.0645
5, 1740.00000, 2839.53, -123.809, 0.000179134, -35.0645
5, 1800.00000, 2839.53, -123.809, 0.000179134, -35.0645
5, 1860.00000, 2839.53, -123.809, 0.000179134, -35.0645
5, 1920.00000, 2839.53, -123.809, 0.000179134, -35.0645
5, 1980.00000, 2839.53, -123.809, 0.000179134, -35.0645
5, 2040.00000, 2839.53, -123.809, 0.000179134, -35.0645
5, 2100.00000, 2839.53, -123.809, 0.000179134, -35.0645
5, 2160.00000, 2839.53, -123.809, 0.000179134, -35.0645
5, 2220.00000, 2839.53, -123.809, 0.000179134, -35.0645
5, 2280.00000, 2839.53, -123.809, 0.000179134, -35.0645
5, 2340.00000, 2839.53, -123.809, 0.000179134, -35.0645
5, 2400.00000, 2839.53, -123.809, 0.000179134, -35.0645
5, 2460.00000, 2839.53, -123.809, 0.000179134, -35.0645
5, 2520.00000, 2839.53, -123.809, 0.000179134, -35.0645
5, 2580.00000, 2839.53, -123.809, 0.000179134, -35.0645
5, 2640.00000, 2839.53, -123.809, 0.000179134, -35.0645
5, 2700.00000, 2839.53, -123.809, 0.000179134, -35.0645
5, 2760.00000, 2839.53, -123.809, 0.000179134, -35.0645
5, 2820.00000, 2839.53, -123.809, 0.000179134, -35.0645
5, 2880.00000, 2839.53, -123.809, 0.000179134, -35.0645
5, 2940.00000, 2839.53, -123.809, 0.000179134, -35.0645
5, 3000.00000, 2839.53, -123.809, 0.000179134, -35.0645
5, 3060.00000, 2839.53, -123.809, 0.000179134, -35.0645
5, 3120.00000, 2839.53, -123.809, 0.000179134, -35.0645
5, 3180.00000, 2839.53, -123.809, 0.000179134, -35.0645
5, 3240.00000, 2839.53, -123.809, 0.000179134, -35.0645
5, 3300.00000, 2839.53, -123.809, 0.000179134, -35.0645
5, 3360.00000, 2839.53, -123.809, 0.000179134, -35.0645
5, 3420.00000, 2839.53, -123.809, 0.000179134, -35.0645
5, 3480.00000, 2839.53, -123.809, 0.000179134, -35.0645
5, 3540.00000, 2839.53, -123.809, 0.000179134, -35.0645
6, 0.00000, 2839.53, -123.809, 0.000179134, -35.0645
6, 60.00000, 2839.51, -123.81, 0.000179133, -35.0647
6, 120.00000, 2839.51, -123.81, 0.000179134, -35.0651
6, 180.00000, 2839.53, -123.809, 0.000179134, -35.0646
6, 240.00000, 2839.53, -123.809, 0.000179134, -35.0645
6, 300.00000, 2839.53, -123.809, 0.000179134, -35.0648
6, 360.00000, 2839.53, -123.809, 0.000179134, -35.0645
6, 420.00000, 2839.53, -123.809, 0.000179134, -35.0644
6, 480.00000, 2839.53, -123.809, 0.000179134, -35.0645
6, 540.00000, 2839.53, -123.809, 0.000179134, -35.0645
6, 600.00000, 2839.53, -123.809, 0.000179134, -35.0645
6, 660.00000, 2839.53, -123.809, 0.000179134, -35.0645
6, 720.00000, 2839.53, -123.809, 0.000179134, -35.0645
6, 780.00000, 2839.53, -123.809, 0.000179134, -35.0645
6, 840.00000, 2824.48, -124.177, 0.000179684, -35.1903
6, 900.00000, 2839.15, -123.921, 0.000180793, -34.8837
6, 960.00000, 2848.53, -123.753, 0.000181503, -34.6838
6, 1020.00000, 2848.52, -123.753, 0.000181502, -34.6839
6, 1080.00000, 2848.54, -123.753, 0.000181504, -34.6836
6, 1140.00000, 2848.54, -123.753, 0.000181503, -34.6834
6, 1200.00000, 2848.54, -123.753, 0.000181503, -34.6835
6, 1260.00000, 2848.54, -123.753, 0.000181504, -34.6835
6, 1320.00000, 2848.54, -123.753, 0.000181504, -34.6838
6, 1380.00000, 2848.54, -123.753, 0.000181504, -34.6836
6, 1440.00000, 2848.54, -123.753, 0.000181504, -34.6837
6, 1500.00000, 2848.54, -123.753, 0.000181504, -34.6837
6, 1560.00000, 2848.54, -123.753, 0.000181504, -34.6837
6, 1620.00000, 2848.54, -123.753, 0.000181504, -34.6837
6, 1680.00000, 2824.93, -124.266, 0.00018139, -34.9847
6, 1740.00000, 2832.15, -124.143, 0.00018194, -34.8393
6, 1800.00000, 2848.17, -123.864, 0.000183164, -34.5105
6, 1860.00000, 2857.54, -123.698, 0.00018388, -34.314
6, 1920.00000, 2857.53, -123.698, 0.000183879, -34.3142
6, 1980.00000, 2857.54, -123.698, 0.000183881, -34.3139
6, 2040.00000, 2857.54, -123.698, 0.000183881, -34.314
6, 2100.00000, 2857.54, -123.698, 0.00018388, -34.3136
6, 2160.00000, 2857.54, -123.698, 0.000183881, -34.3139
6, 2220.00000, 2857.54, -123.698, 0.000183881, -34.3139
6, 2280.00000, 2857.54, -123.698, 0.000183881, -34.314
6, 2340.00000, 2857.54, -123.698, 0.000183881, -34.3138
6, 2400.00000, 2857.54, -123.698, 0.000183881, -34.3138
6, 2460.00000, 2857.54, -123.698, 0.000183881, -34.3138
6, 2520.00000, 2857.54, -123.698, 0.000183881, -34.3138
6, 2580.00000, 2824.94, -124.265, 0.00018139, -34.9846
6, 2640.00000, 2832.15, -124.143, 0.000181941, -34.8393
6, 2700.00000, 2848.17, -123.864, 0.000183164, -34.5104
6, 2760.00000, 2857.54, -123.698, 0.00018388, -34.3139
6, 2820.00000, 2857.53, -123.698, 0.000183879, -34.3139
6, 2880.00000, 2857.54, -123.698, 0.000183881, -34.3138
6, 2940.00000, 2857.54, -123.698, 0.000183881, -34.314
6, 3000.00000, 2857.54, -123.698, 0.00018388, -34.3136
6, 3060.00000, 2857.54, -123.698, 0.000183881, -34.3139
6, 3120.00000, 2857.54, -123.698, 0.000183881, -34.3139
6, 3180.00000, 2857.54, -123.698, 0.000183881, -34.314
6, 3240.00000, 2857.54, -123.698, 0.000183881, -34.3138
6, 3300.00000, 2857.54, -123.698, 0.00018388, -34.3141
6, 3360.00000, 2857.53, -123.698, 0.00018388, -34.3143
6, 3420.00000, 2857.54, -123.698, 0.00018388, -34.3138
6, 3480.00000, 2824.94, -124.265, 0.00018139, -34.9846
6, 3540.00000, 2832.15, -124.143, 0.00018194, -34.8392
7, 0.00000, 2848.17, -123.864, 0.000183164, -34.5103
7, 60.00000, 2857.54, -123.698, 0.00018388, -34.3139
7, 120.00000, 2857.53, -123.698, 0.000183879, -34.3139
7, 180.00000, 2857.54, -123.698, 0.000183881, -34.3138
7, 240.00000, 2857.54, -123.698, 0.000183881, -34.314
7, 300.00000, 2857.54, -123.698, 0.00018388, -34.3136
7, 360.00000, 2857.54, -123.698, 0.000183881, -34.3139
7, 420.00000, 2857.54, -123.698, 0.000183881, -34.3139
7, 480.00000, 2851.92, -123.798, 0.000183451, -34.4317
7, 540.00000, 2829.54, -124.187, 0.000181741, -34.892
7, 600.00000, 2857.55, -123.698, 0.000183881, -34.3139
7, 660.00000, 2857.53, -123.698, 0.000183879, -34.3142
7, 720.00000, 2857.54, -123.698, 0.00018388, -34.314
7, 780.00000, 2824.94, -124.265, 0.00018139, -34.9846
7, 840.00000, 2832.15, -124.143, 0.000181941, -34.8393
7, 900.00000, 2848.17, -123.864, 0.000183164, -34.5103
7, 960.00000, 2857.54, -123.698, 0.00018388, -34.3139
7, 1020.00000, 2857.53, -123.698, 0.000183879, -34.3139
7, 1080.00000, 2857.54, -123.698, 0.000183881, -34.3138
7, 1140.00000, 2857.54, -123.698, 0.000183881, -34.314
7, 1200.00000, 2857.54, -123.698, 0.00018388, -34.3136
7, 1260.00000, 2857.54, -123.698, 0.000183881, -34.3139
7, 1320.00000, 2843.06, -123.954, 0.000182775, -34.616
7, 1380.00000, 2832.78, -124.132, 0.000181989, -34.8263
7, 1440.00000, 2829.54, -124.187, 0.000181741, -34.892
7, 1500.00000, 2857.55, -123.698, 0.000183881, -34.3138
7, 1560.00000, 2857.53, -123.698, 0.000183879, -34.3141
7, 1620.00000, 2857.54, -123.698, 0.00018388, -34.314
7, 1680.00000, 2824.94, -124.265, 0.000181391, -34.9845
7, 1740.00000, 2832.15, -124.143, 0.000181941, -34.8393
7, 1800.00000, 2848.17, -123.864, 0.000183164, -34.5103
7, 1860.00000, 2857.54, -123.698, 0.00018388, -34.3139
7, 1920.00000, 2857.53, -123.698, 0.000183879, -34.3139
7, 1980.00000, 2857.54, -123.698, 0.000183881, -34.3138
7, 2040.00000, 2857.54, -123.698, 0.000183881, -34.314
7, 2100.00000, 2857.54, -123.698, 0.00018388, -34.3136
7, 2160.00000, 2857.54, -123.698, 0.000183881, -34.3139
7, 2220.00000, 2843.06, -123.954, 0.000182775, -34.616
7, 2280.00000, 2832.78, -124.132, 0.000181989, -34.8263
7, 2340.00000, 2829.54, -124.187, 0.000181741, -34.892
7, 2400.00000, 2857.55, -123.698, 0.000183881, -34.3138
7, 2460.00000, 2857.53, -123.698, 0.000183879, -34.3141
7, 2520.00000, 2857.54, -123.698, 0.00018388, -34.314
7, 2580.00000, 2824.94, -124.265, 0.000181391, -34.9845
7, 2640.00000, 2832.15, -124.143, 0.000181941, -34.8393
7, 2700.00000, 2848.17, -123.864, 0.000183164, -34.5103
7, 2760.00000, 2857.55, -123.698, 0.000183882, -34.3137
7, 2820.00000, 2857.54, -123.698, 0.000183881, -34.3139
7, 2880.00000, 2857.54, -123.698, 0.000183881, -34.3138
7, 2940.00000, 2857.54, -123.698, 0.000183881, -34.3138
7, 3000.00000, 2857.53, -123.698, 0.00018388, -34.3143
7, 3060.00000, 2857.53, -123.698, 0.00018388, -34.3142
7, 3120.00000, 2843.06, -123.954, 0.000182775, -34.6158
7, 3180.00000, 2832.78, -124.132, 0.000181988, -34.8261
7, 3240.00000, 2829.54, -124.187, 0.000181741, -34.8918
7, 3300.00000, 2857.55, -123.698, 0.000183881, -34.3139
7, 3360.00000, 2857.53, -123.698, 0.000183879, -34.3141
7, 3420.00000, 2857.54, -123.698, 0.00018388, -34.314
7, 3480.00000, 2824.94, -124.265, 0.000181391, -34.9845
7, 3540.00000, 2856.31, -123.72, 0.000183786, -34.3398
8, 0.00000, 2857.55, -123.698, 0.000183881, -34.314
8, 60.00000, 2857.54, -123.698, 0.00018388, -34.3135
8, 120.00000, 2857.54, -123.698, 0.000183881, -34.3139
8, 180.00000, 2844.98, -123.92, 0.00018292, -34.5764
8, 240.00000, 2857.55, -123.698, 0.000183881, -34.3137
8, 300.00000, 2857.53, -123.698, 0.00018388, -34.3142
8, 360.00000, 2857.53, -123.698, 0.00018388, -34.3142
8, 420.00000, 2843.06, -123.954, 0.000182775, -34.6158
8, 480.00000, 2832.78, -124.132, 0.000181988, -34.8262
8, 540.00000, 2829.54, -124.187, 0.000181741, -34.8918
8, 600.00000, 2857.55, -123.698, 0.000183881, -34.3139
8, 660.00000, 2844.96, -123.921, 0.000182919, -34.5767
8, 720.00000, 2857.55, -123.698, 0.000183881, -34.3137
8, 780.00000, 2857.54, -123.698, 0.00018388, -34.3138
8, 840.00000, 2857.54, -123.698, 0.000183881, -34.3139
8, 900.00000, 2857.54, -123.698, 0.000183881, -34.3139
8, 960.00000, 2857.54, -123.698, 0.00018388, -34.3138
8, 1020.00000, 2857.54, -123.698, 0.00018388, -34.3136
8, 1080.00000, 2844.98, -123.92, 0.000182921, -34.5763
8, 1140.00000, 2857.55, -123.698, 0.000183882, -34.3136
8, 1200.00000, 2857.53, -123.698, 0.00018388, -34.3142
8, 1260.00000, 2857.53, -123.698, 0.00018388, -34.3142
8, 1320.00000, 2843.06, -123.954, 0.000182775, -34.6158
8, 1380.00000, 2832.78, -124.132, 0.000181988, -34.8262
8, 1440.00000, 2829.54, -124.187, 0.000181741, -34.8918
8, 1500.00000, 2857.55, -123.698, 0.000183881, -34.3139
8, 1560.00000, 2844.96, -123.921, 0.000182919, -34.5767
8, 1620.00000, 2857.55, -123.698, 0.000183881, -34.3137
8, 1680.00000, 2857.54, -123.698, 0.00018388, -34.3138
8, 1740.00000, 2857.54, -123.698, 0.00018388, -34.314
8, 1800.00000, 2857.53, -123.698, 0.000183879, -34.3139
8, 1860.00000, 2857.53, -123.698, 0.000183879, -34.3142
8, 1920.00000, 2857.53, -123.698, 0.000183879, -34.3142
8, 1980.00000, 2844.97, -123.92, 0.00018292, -34.5764
8, 2040.00000, 2857.55, -123.698, 0.000183881, -34.3137
8, 2100.00000, 2857.53, -123.698, 0.00018388, -34.314
8, 2160.00000, 2857.53, -123.698, 0.000183879, -34.3142
8, 2220.00000, 2843.06, -123.954, 0.000182774, -34.6159
8, 2280.00000, 2832.78, -124.132, 0.000181988, -34.8262
8, 2340.00000, 2829.54, -124.187, 0.000181741, -34.8918
8, 2400.00000, 2857.56, -123.698, 0.000183882, -34.3137
8, 2460.00000, 2832.13, -124.143, 0.000181939, -34.8393
8, 2520.00000, 2857.56, -123.698, 0.000183882, -34.3136
8, 2580.00000, 2857.54, -123.698, 0.000183881, -34.3139
8, 2640.00000, 2857.54, -123.698, 0.00018388, -34.3138
8, 2700.00000, 2857.53, -123.698, 0.00018388, -34.3145
8, 2760.00000, 2857.53, -123.698, 0.00018388, -34.3143
8, 2820.00000, 2857.53, -123.698, 0.000183879, -34.3142
8, 2880.00000, 2844.97, -123.92, 0.00018292, -34.5764
8, 2940.00000, 2854.45, -123.753, 0.000183645, -34.3792
8, 3000.00000, 2848.13, -123.865, 0.000183161, -34.5108
8, 3060.00000, 2857.54, -123.698, 0.00018388, -34.3138
8, 3120.00000, 2843.06, -123.954, 0.000182774, -34.6159
8, 3180.00000, 2838.58, -124.032, 0.000182432, -34.7079
8, 3240.00000, 2857.56, -123.698, 0.000183881, -34.3136
8, 3300.00000, 2857.54, -123.698, 0.000183881, -34.3138
8, 3360.00000, 2832.13, -124.143, 0.000181939, -34.8394
8, 3420.00000, 2857.56, -123.698, 0.000183882, -34.3136
8, 3480.00000, 2857.54, -123.698, 0.00018388, -34.3136
8, 3540.00000, 2857.54, -123.698, 0.00018388, -34.3138
9, 0.00000, 2857.53, -123.698, 0.00018388, -34.3145
9, 60.00000, 2857.53, -123.698, 0.00018388, -34.3143
9, 120.00000, 2857.53, -123.698, 0.000183879, -34.3142
9, 180.00000, 2844.97, -123.92, 0.00018292, -34.5764
9, 240.00000, 2854.45, -123.753, 0.000183645, -34.3792
9, 300.00000, 2848.13, -123.865, 0.000183161, -34.5108
9, 360.00000, 2857.54, -123.698, 0.00018388, -34.3138
9, 420.00000, 2857.54, -123.698, 0.000183881, -34.3138
9, 480.00000, 2857.53, -123.698, 0.00018388, -34.3142
9, 540.00000, 2857.53, -123.698, 0.000183879, -34.3141
9, 600.00000, 2857.53, -123.698, 0.00018388, -34.3143
9, 660.00000, 2832.12, -124.143, 0.000181938, -34.8398
9, 720.00000, 2857.56, -123.698, 0.000183882, -34.3137
9, 780.00000, 2857.54, -123.698, 0.000183881, -34.3138
9, 840.00000, 2857.54, -123.698, 0.00018388, -34.314
9, 900.00000, 2857.53, -123.698, 0.00018388, -34.3143
9, 960.00000, 2857.53, -123.698, 0.00018388, -34.3142
9, 1020.00000, 2857.53, -123.698, 0.000183879, -34.3142
9, 1080.00000, 2844.97, -123.92, 0.00018292, -34.5764
9, 1140.00000, 2853.82, -123.764, 0.000183597, -34.3922
9, 1200.00000, 2835.35, -124.087, 0.000182186, -34.7739
9, 1260.00000, 2857.54, -123.698, 0.00018388, -34.3137
9, 1320.00000, 2857.54, -123.698, 0.00018388, -34.3138
9, 1380.00000, 2857.53, -123.698, 0.00018388, -34.3141
9, 1440.00000, 2857.53, -123.698, 0.000183879, -34.314
9, 1500.00000, 2857.53, -123.698, 0.000183879, -34.3142
9, 1560.00000, 2832.12, -124.143, 0.000181938, -34.8397
9, 1620.00000, 2857.56, -123.698, 0.000183882, -34.3138
9, 1680.00000, 2844.97, -123.92, 0.00018292, -34.5763
9, 1740.00000, 2857.55, -123.698, 0.00018388, -34.3136
9, 1800.00000, 2857.53, -123.698, 0.00018388, -34.3145
9, 1860.00000, 2857.53, -123.698, 0.000183879, -34.3138
9, 1920.00000, 2857.53, -123.698, 0.00018388, -34.3142
9, 1980.00000, 2844.97, -123.92, 0.00018292, -34.5765
9, 2040.00000, 2853.83, -123.764, 0.000183597, -34.3922
9, 2100.00000, 2835.37, -124.087, 0.000182186, -34.7735
9, 2160.00000, 2857.56, -123.698, 0.000183882, -34.3136
9, 2220.00000, 2857.54, -123.698, 0.000183881, -34.3142
9, 2280.00000, 2857.53, -123.698, 0.000183879, -34.3142
9, 2340.00000, 2857.53, -123.698, 0.00018388, -34.3142
9, 2400.00000, 2857.53, -123.698, 0.000183879, -34.3142
9, 2460.00000, 2832.12, -124.143, 0.000181938, -34.8398
9, 2520.00000, 2857.56, -123.698, 0.000183882, -34.3137
9, 2580.00000, 2844.97, -123.92, 0.00018292, -34.5764
9, 2640.00000, 2857.55, -123.698, 0.00018388, -34.3136
9, 2700.00000, 2857.53, -123.698, 0.00018388, -34.3145
9, 2760.00000, 2857.52, -123.698, 0.000183878, -34.3144
9, 2820.00000, 2857.51, -123.698, 0.000183878, -34.3143
9, 2880.00000, 2857.52, -123.698, 0.000183879, -34.3144
9, 2940.00000, 2853.77, -123.765, 0.000183593, -34.3932
9, 3000.00000, 2835.36, -124.087, 0.000182186, -34.7737
9, 3060.00000, 2857.56, -123.698, 0.000183881, -34.3137
9, 3120.00000, 2857.54, -123.698, 0.000183881, -34.3138
9, 3180.00000, 2857.53, -123.698, 0.000183879, -34.3141
9, 3240.00000, 2857.53, -123.698, 0.000183879, -34.3142
9, 3300.00000, 2857.53, -123.698, 0.00018388, -34.3142
9, 3360.00000, 2844.96, -123.92, 0.00018292, -34.5766
9, 3420.00000, 2857.55, -123.698, 0.000183882, -34.3136
9, 3480.00000, 2832.13, -124.143, 0.00018194, -34.8393
9, 3540.00000, 2857.55, -123.698, 0.000183881, -34.314
10, 0.00000, 2857.53, -123.698, 0.000183879, -34.314
10, 60.00000, 2857.52, -123.698, 0.000183879, -34.3145
10, 120.00000, 2857.51, -123.698, 0.000183878, -34.3144
10, 180.00000, 2857.52, -123.698, 0.000183879, -34.3145
10, 240.00000, 2853.77, -123.765, 0.000183593, -34.3931
10, 300.00000, 2835.36, -124.087, 0.000182186, -34.7737
10, 360.00000, 2847.53, -123.876, 0.000183116, -34.5236
10, 420.00000, 2855.07, -123.742, 0.000183692, -34.3657
10, 480.00000, 2857.54, -123.698, 0.00018388, -34.3141
10, 540.00000, 2857.53, -123.698, 0.000183879, -34.314
10, 600.00000, 2857.53, -123.698, 0.000183879, -34.314
10, 660.00000, 2844.96, -123.92, 0.000182919, -34.5767
10, 720.00000, 2857.55, -123.698, 0.000183882, -34.3139
10, 780.00000, 2832.13, -124.143, 0.00018194, -34.8393
10, 840.00000, 2857.56, -123.698, 0.000183882, -34.3139
10, 900.00000, 2857.54, -123.698, 0.000183881, -34.3139
10, 960.00000, 2857.53, -123.698, 0.00018388, -34.3141
10, 1020.00000, 2857.53, -123.698, 0.000183879, -34.3141
10, 1080.00000, 2857.53, -123.698, 0.000183879, -34.314
10, 1140.00000, 2853.77, -123.765, 0.000183593, -34.3931
10, 1200.00000, 2835.36, -124.087, 0.000182186, -34.7739
10, 1260.00000, 2847.53, -123.876, 0.000183115, -34.5235
10, 1320.00000, 2855.07, -123.742, 0.000183692, -34.3657
10, 1380.00000, 2857.54, -123.698, 0.00018388, -34.3141
10, 1440.00000, 2857.53, -123.698, 0.000183879, -34.3143
10, 1500.00000, 2857.51, -123.698, 0.000183878, -34.3144
10, 1560.00000, 2857.51, -123.698, 0.000183878, -34.3144
10, 1620.00000, 2857.53, -123.698, 0.00018388, -34.3144
10, 1680.00000, 2832.12, -124.143, 0.000181939, -34.8397
10, 1740.00000, 2857.56, -123.698, 0.000183882, -34.3136
10, 1800.00000, 2857.54, -123.698, 0.00018388, -34.3138
10, 1860.00000, 2857.53, -123.698, 0.00018388, -34.314
10, 1920.00000, 2857.53, -123.698, 0.000183879, -34.3142
10, 1980.00000, 2857.53, -123.698, 0.00018388, -34.3143
10, 2040.00000, 2856.9, -123.709, 0.000183832, -34.3273
10, 2100.00000, 2844.97, -123.92, 0.00018292, -34.5762
10, 2160.00000, 2842.43, -123.965, 0.000182726, -34.6285
10, 2220.00000, 2847.52, -123.876, 0.000183115, -34.5237
10, 2280.00000, 2857.54, -123.698, 0.00018388, -34.314
10, 2340.00000, 2857.52, -123.698, 0.00018388, -34.3143
10, 2400.00000, 2857.51, -123.698, 0.000183878, -34.3145
10, 2460.00000, 2857.51, -123.698, 0.000183878, -34.3145
10, 2520.00000, 2857.53, -123.698, 0.00018388, -34.3142
10, 2580.00000, 2832.12, -124.143, 0.000181939, -34.8397
10, 2640.00000, 2857.56, -123.698, 0.000183882, -34.3136
10, 2700.00000, 2844.34, -123.931, 0.000182872, -34.5895
10, 2760.00000, 2857.54, -123.698, 0.000183881, -34.3142
10, 2820.00000, 2857.53, -123.698, 0.00018388, -34.3143
10, 2880.00000, 2857.53, -123.698, 0.00018388, -34.3141
10, 2940.00000, 2856.9, -123.709, 0.000183832, -34.3273
10, 3000.00000, 2844.97, -123.92, 0.00018292, -34.5763
10, 3060.00000, 2842.43, -123.965, 0.000182726, -34.6286
10, 3120.00000, 2847.52, -123.876, 0.000183115, -34.5236
10, 3180.00000, 2857.55, -123.698, 0.000183881, -34.3135
10, 3240.00000, 2857.54, -123.698, 0.000183881, -34.3141
10, 3300.00000, 2857.53, -123.698, 0.000183879, -34.3141
10, 3360.00000, 2857.53, -123.698, 0.00018388, -34.3141
10, 3420.00000, 2857.53, -123.698, 0.000183879, -34.3142
10, 3480.00000, 2832.12, -124.143, 0.000181938, -34.8395
10, 3540.00000, 2857.56, -123.698, 0.000183882, -34.3137
11, 0.00000, 2844.34, -123.931, 0.000182871, -34.5892
11, 60.00000, 2857.54, -123.698, 0.000183881, -34.3142
11, 120.00000, 2857.53, -123.698, 0.00018388, -34.3143
11, 180.00000, 2857.52, -123.698, 0.000183879, -34.3144
11, 240.00000, 2857.51, -123.698, 0.000183878, -34.3143
11, 300.00000, 2857.52, -123.698, 0.000183879, -34.3142
11, 360.00000, 2842.41, -123.965, 0.000182724, -34.629
11, 420.00000, 2847.52, -123.876, 0.000183115, -34.5238
11, 480.00000, 2857.55, -123.698, 0.000183881, -34.3136
11, 540.00000, 2857.54, -123.698, 0.00018388, -34.314
11, 600.00000, 2857.53, -123.698, 0.00018388, -34.3142
11, 660.00000, 2857.53, -123.698, 0.00018388, -34.3142
11, 720.00000, 2857.53, -123.698, 0.00018388, -34.3142
11, 780.00000, 2844.96, -123.92, 0.00018292, -34.5766
11, 840.00000, 2857.55, -123.698, 0.000183882, -34.3138
11, 900.00000, 2831.48, -124.154, 0.00018189, -34.8528
11, 960.00000, 2857.55, -123.698, 0.000183881, -34.314
11, 1020.00000, 2857.53, -123.698, 0.00018388, -34.3143
11, 1080.00000, 2857.52, -123.698, 0.000183879, -34.3144
11, 1140.00000, 2857.51, -123.698, 0.000183878, -34.3144
11, 1200.00000, 2857.52, -123.698, 0.000183879, -34.3144
11, 1260.00000, 2842.41, -123.965, 0.000182724, -34.6292
11, 1320.00000, 2847.52, -123.876, 0.000183115, -34.5238
11, 1380.00000, 2844.98, -123.92, 0.000182921, -34.5759
11, 1440.00000, 2857.55, -123.698, 0.000183882, -34.3138
11, 1500.00000, 2857.53, -123.698, 0.000183879, -34.3141
11, 1560.00000, 2857.53, -123.698, 0.00018388, -34.3142
11, 1620.00000, 2857.53, -123.698, 0.000183879, -34.314
11, 1680.00000, 2844.96, -123.92, 0.000182919, -34.5766
11, 1740.00000, 2857.55, -123.698, 0.000183881, -34.3138
11, 1800.00000, 2831.48, -124.154, 0.00018189, -34.8528
11, 1860.00000, 2857.56, -123.698, 0.000183882, -34.3137
11, 1920.00000, 2857.54, -123.698, 0.00018388, -34.3137
11, 1980.00000, 2857.53, -123.698, 0.000183879, -34.314
11, 2040.00000, 2857.53, -123.698, 0.00018388, -34.3143
11, 2100.00000, 2857.53, -123.698, 0.00018388, -34.3143
11, 2160.00000, 2842.41, -123.965, 0.000182724, -34.6292
11, 2220.00000, 2847.52, -123.876, 0.000183115, -34.5237
11, 2280.00000, 2844.98, -123.92, 0.000182921, -34.5761
11, 2340.00000, 2857.55, -123.698, 0.000183882, -34.3138
11, 2400.00000, 2857.53, -123.698, 0.000183879, -34.3141
11, 2460.00000, 2857.52, -123.698, 0.000183879, -34.3142
11, 2520.00000, 2857.51, -123.698, 0.000183878, -34.3144
11, 2580.00000, 2857.52, -123.698, 0.000183879, -34.3144
11, 2640.00000, 2857.53, -123.698, 0.000183879, -34.314
11, 2700.00000, 2831.47, -124.154, 0.000181889, -34.8527
11, 2760.00000, 2857.56, -123.698, 0.000183882, -34.3138
11, 2820.00000, 2857.54, -123.698, 0.000183881, -34.3138
11, 2880.00000, 2857.53, -123.698, 0.00018388, -34.3142
11, 2940.00000, 2857.53, -123.698, 0.000183879, -34.3141
11, 3000.00000, 2857.53, -123.698, 0.00018388, -34.3143
11, 3060.00000, 2852.53, -123.787, 0.000183498, -34.4192
11, 3120.00000, 2850.04, -123.831, 0.000183307, -34.4708
11, 3180.00000, 2834.72, -124.098, 0.000182137, -34.7867
11, 3240.00000, 2855.07, -123.742, 0.000183691, -34.3659
11, 3300.00000, 2857.54, -123.698, 0.00018388, -34.3139
11, 3360.00000, 2857.52, -123.698, 0.000183879, -34.3144
11, 3420.00000, 2857.51, -123.698, 0.000183878, -34.3144
11, 3480.00000, 2857.52, -123.698, 0.000183879, -34.3145
11, 3540.00000, 2857.53, -123.698, 0.00018388, -34.3143
12, 0.00000, 2831.47, -124.154, 0.000181889, -34.8528
12, 60.00000, 2857.56, -123.698, 0.000183882, -34.3138
12, 120.00000, 2844.97, -123.92, 0.00018292, -34.5762
12, 180.00000, 2857.54, -123.698, 0.00018388, -34.3138
12, 240.00000, 2857.53, -123.698, 0.00018388, -34.3142
12, 300.00000, 2857.53, -123.698, 0.00018388, -34.314
12, 360.00000, 2852.53, -123.787, 0.000183498, -34.4189
12, 420.00000, 2850.04, -123.831, 0.000183307, -34.4709
12, 480.00000, 2834.72, -124.098, 0.000182137, -34.7868
12, 540.00000, 2855.07, -123.742, 0.000183692, -34.3658
12, 600.00000, 2857.55, -123.698, 0.000183882, -34.3138
12, 660.00000, 2857.54, -123.698, 0.00018388, -34.3139
12, 720.00000, 2857.53, -123.698, 0.00018388, -34.3142
12, 780.00000, 2857.53, -123.698, 0.00018388, -34.3143
12, 840.00000, 2857.53, -123.698, 0.000183879, -34.3139
12, 900.00000, 2831.47, -124.154, 0.000181889, -34.8529
12, 960.00000, 2857.56, -123.698, 0.000183882, -34.3136
12, 1020.00000, 2844.97, -123.92, 0.00018292, -34.5762
12, 1080.00000, 2857.54, -123.698, 0.00018388, -34.3138
12, 1140.00000, 2857.53, -123.698, 0.00018388, -34.3142
12, 1200.00000, 2857.51, -123.698, 0.000183878, -34.3143
12, 1260.00000, 2857.51, -123.698, 0.000183878, -34.3145
12, 1320.00000, 2857.52, -123.698, 0.000183879, -34.3143
12, 1380.00000, 2834.71, -124.099, 0.000182136, -34.7871
12, 1440.00000, 2855.07, -123.742, 0.000183691, -34.3658
12, 1500.00000, 2857.55, -123.698, 0.000183882, -34.3136
12, 1560.00000, 2857.54, -123.698, 0.00018388, -34.314
12, 1620.00000, 2857.53, -123.698, 0.000183879, -34.3142
12, 1680.00000, 2857.53, -123.698, 0.000183879, -34.3141
12, 1740.00000, 2857.53, -123.698, 0.00018388, -34.3142
12, 1800.00000, 2844.97, -123.92, 0.000182919, -34.5765
12, 1860.00000, 2857.55, -123.698, 0.000183882, -34.3138
12, 1920.00000, 2831.48, -124.154, 0.00018189, -34.8527
12, 1980.00000, 2857.54, -123.698, 0.000183882, -34.3141
12, 2040.00000, 2857.53, -123.698, 0.00018388, -34.3143
12, 2100.00000, 2857.51, -123.698, 0.000183878, -34.3143
12, 2160.00000, 2857.51, -123.698, 0.000183878, -34.3146
12, 2220.00000, 2857.52, -123.698, 0.000183879, -34.3143
12, 2280.00000, 2834.71, -124.099, 0.000182136, -34.7873
12, 2340.00000, 2855.07, -123.742, 0.000183691, -34.3658
12, 2400.00000, 2844.97, -123.92, 0.00018292, -34.5766
12, 2460.00000, 2857.55, -123.698, 0.000183881, -34.3138
12, 2520.00000, 2857.53, -123.698, 0.00018388, -34.3141
12, 2580.00000, 2857.53, -123.698, 0.00018388, -34.3143
12, 2640.00000, 2857.53, -123.698, 0.000183879, -34.3142
12, 2700.00000, 2844.97, -123.92, 0.00018292, -34.5763
12, 2760.00000, 2857.55, -123.698, 0.000183882, -34.3138
12, 2820.00000, 2831.48, -124.154, 0.00018189, -34.8527
12, 2880.00000, 2857.56, -123.698, 0.000183882, -34.3137
12, 2940.00000, 2857.54, -123.698, 0.000183881, -34.3138
12, 3000.00000, 2857.53, -123.698, 0.00018388, -34.3141
12, 3060.00000, 2857.53, -123.698, 0.00018388, -34.3143
12, 3120.00000, 2857.53, -123.698, 0.00018388, -34.3143
12, 3180.00000, 2834.71, -124.099, 0.000182136, -34.787
12, 3240.00000, 2855.07, -123.742, 0.000183691, -34.3657
12, 3300.00000, 2844.97, -123.92, 0.00018292, -34.5765
12, 3360.00000, 2857.55, -123.698, 0.000183881, -34.3138
12, 3420.00000, 2857.53, -123.698, 0.00018388, -34.3141
12, 3480.00000, 2857.52, -123.698, 0.000183879, -34.3143
12, 3540.00000, 2857.51, -123.698, 0.000183879, -34.3146
13, 0.00000, 2857.52, -123.698, 0.000183879, -34.3142
13, 60.00000, 2857.53, -123.698, 0.000183879, -34.3142
13, 120.00000, 2831.47, -124.154, 0.000181889, -34.8529
13, 180.00000, 2857.56, -123.698, 0.000183882, -34.3137
13, 240.00000, 2857.54, -123.698, 0.000183881, -34.3139
13, 300.00000, 2857.53, -123.698, 0.00018388, -34.314
13, 360.00000, 2857.53, -123.698, 0.000183879, -34.3142
13, 420.00000, 2857.53, -123.698, 0.00018388, -34.3143
13, 480.00000, 2847.5, -123.876, 0.000183113, -34.5239
13, 540.00000, 2855.07, -123.742, 0.000183692, -34.366
13, 600.00000, 2832.13, -124.143, 0.000181939, -34.8394
13, 660.00000, 2857.55, -123.698, 0.000183881, -34.3138
13, 720.00000, 2857.53, -123.698, 0.00018388, -34.3142
13, 780.00000, 2857.52, -123.698, 0.000183879, -34.314
13, 840.00000, 2857.51, -123.698, 0.000183879, -34.3146
13, 900.00000, 2857.52, -123.698, 0.000183878, -34.3143
13, 960.00000, 2857.53, -123.698, 0.000183879, -34.3141
13, 1020.00000, 2831.47, -124.154, 0.000181889, -34.8528
13, 1080.00000, 2854.45, -123.753, 0.000183645, -34.379
13, 1140.00000, 2848.14, -123.865, 0.000183163, -34.5107
13, 1200.00000, 2857.54, -123.698, 0.00018388, -34.314
13, 1260.00000, 2857.53, -123.698, 0.00018388, -34.314
13, 1320.00000, 2857.53, -123.698, 0.000183879, -34.3142
13, 1380.00000, 2847.5, -123.876, 0.000183113, -34.5241
13, 1440.00000, 2855.07, -123.742, 0.000183692, -34.3658
13, 1500.00000, 2832.13, -124.143, 0.00018194, -34.8393
13, 1560.00000, 2857.56, -123.698, 0.000183882, -34.3136
13, 1620.00000, 2857.54, -123.698, 0.000183881, -34.3138
13, 1680.00000, 2857.54, -123.698, 0.00018388, -34.314
13, 1740.00000, 2857.53, -123.698, 0.000183879, -34.314
13, 1800.00000, 2857.53, -123.698, 0.000183879, -34.3141
13, 1860.00000, 2857.53, -123.698, 0.000183879, -34.3139
13, 1920.00000, 2831.47, -124.154, 0.000181889, -34.8528
13, 1980.00000, 2854.45, -123.753, 0.000183644, -34.3789
13, 2040.00000, 2848.14, -123.865, 0.000183163, -34.5107
13, 2100.00000, 2857.54, -123.698, 0.00018388, -34.314
13, 2160.00000, 2857.53, -123.698, 0.00018388, -34.3142
13, 2220.00000, 2857.51, -123.698, 0.000183878, -34.3145
13, 2280.00000, 2857.51, -123.698, 0.000183878, -34.3143
13, 2340.00000, 2857.53, -123.698, 0.000183879, -34.3141
13, 2400.00000, 2832.12, -124.143, 0.000181939, -34.8397
13, 2460.00000, 2857.56, -123.698, 0.000183882, -34.3136
13, 2520.00000, 2857.54, -123.698, 0.000183881, -34.3139
13, 2580.00000, 2857.54, -123.698, 0.00018388, -34.314
13, 2640.00000, 2857.53, -123.698, 0.000183879, -34.3141
13, 2700.00000, 2857.53, -123.698, 0.00018388, -34.3143
13, 2760.00000, 2857.53, -123.698, 0.000183879, -34.3139
13, 2820.00000, 2844.33, -123.931, 0.000182871, -34.5894
13, 2880.00000, 2854.45, -123.753, 0.000183645, -34.3791
13, 2940.00000, 2835.37, -124.087, 0.000182187, -34.7737
13, 3000.00000, 2857.54, -123.698, 0.00018388, -34.314
13, 3060.00000, 2857.53, -123.698, 0.00018388, -34.3142
13, 3120.00000, 2857.51, -123.698, 0.000183878, -34.3144
13, 3180.00000, 2857.51, -123.698, 0.000183878, -34.3145
13, 3240.00000, 2857.53, -123.698, 0.00018388, -34.3143
13, 3300.00000, 2832.12, -124.143, 0.000181938, -34.8398
13, 3360.00000, 2857.56, -123.698, 0.000183882, -34.3136
13, 3420.00000, 2844.34, -123.931, 0.000182872, -34.5891
13, 3480.00000, 2857.55, -123.698, 0.000183881, -34.3138
13, 3540.00000, 2857.53, -123.698, 0.00018388, -34.3141
14, 0.00000, 2857.53, -123.698, 0.00018388, -34.3142
14, 60.00000, 2857.53, -123.698, 0.000183879, -34.314
14, 120.00000, 2844.33, -123.931, 0.000182871, -34.5896
14, 180.00000, 2854.45, -123.753, 0.000183645, -34.3791
14, 240.00000, 2835.37, -124.087, 0.000182187, -34.7737
14, 300.00000, 2857.56, -123.698, 0.000183882, -34.3136
14, 360.00000, 2857.54, -123.698, 0.000183881, -34.3137
14, 420.00000, 2857.53, -123.698, 0.000183879, -34.3141
14, 480.00000, 2857.53, -123.698, 0.000183879, -34.3142
14, 540.00000, 2857.53, -123.698, 0.000183879, -34.3142
14, 600.00000, 2832.12, -124.143, 0.000181938, -34.84
14, 660.00000, 2857.56, -123.698, 0.000183881, -34.3136
14, 720.00000, 2844.34, -123.931, 0.000182872, -34.5895
14, 780.00000, 2857.55, -123.698, 0.000183881, -34.3138
14, 840.00000, 2857.53, -123.698, 0.00018388, -34.3141
14, 900.00000, 2857.52, -123.698, 0.000183879, -34.3143
14, 960.00000, 2857.51, -123.698, 0.000183878, -34.3144
14, 1020.00000, 2857.52, -123.698, 0.000183878, -34.3142
14, 1080.00000, 2854.4, -123.754, 0.00018364, -34.3799
14, 1140.00000, 2835.36, -124.087, 0.000182186, -34.7737
14, 1200.00000, 2857.56, -123.698, 0.000183882, -34.3136
14, 1260.00000, 2857.54, -123.698, 0.000183881, -34.314
14, 1320.00000, 2857.53, -123.698, 0.000183879, -34.3141
14, 1380.00000, 2857.53, -123.698, 0.00018388, -34.3142
14, 1440.00000, 2857.53, -123.698, 0.00018388, -34.3144
14, 1500.00000, 2844.96, -123.92, 0.000182919, -34.5765
14, 1560.00000, 2857.55, -123.698, 0.000183881, -34.3137
14, 1620.00000, 2831.48, -124.154, 0.00018189, -34.8525
14, 1680.00000, 2857.55, -123.698, 0.000183881, -34.3139
14, 1740.00000, 2857.53, -123.698, 0.00018388, -34.3144
14, 1800.00000, 2857.52, -123.698, 0.000183879, -34.3144
14, 1860.00000, 2857.51, -123.698, 0.000183878, -34.3144
14, 1920.00000, 2857.52, -123.698, 0.000183879, -34.3144
14, 1980.00000, 2854.4, -123.754, 0.00018364, -34.3798
14, 2040.00000, 2835.36, -124.087, 0.000182186, -34.7738
14, 2100.00000, 2850.06, -123.831, 0.000183308, -34.4707
14, 2160.00000, 2852.57, -123.787, 0.0001835, -34.4187
14, 2220.00000, 2857.54, -123.698, 0.00018388, -34.314
14, 2280.00000, 2857.53, -123.698, 0.00018388, -34.3141
14, 2340.00000, 2857.53, -123.698, 0.000183879, -34.3142
14, 2400.00000, 2844.96, -123.92, 0.00018292, -34.5767
14, 2460.00000, 2857.55, -123.698, 0.000183882, -34.3139
14, 2520.00000, 2831.48, -124.154, 0.00018189, -34.8525
14, 2580.00000, 2857.56, -123.698, 0.000183882, -34.3138
14, 2640.00000, 2857.54, -123.698, 0.00018388, -34.3137
14, 2700.00000, 2857.53, -123.698, 0.00018388, -34.3141
14, 2760.00000, 2857.53, -123.698, 0.000183879, -34.3141
14, 2820.00000, 2857.53, -123.698, 0.00018388, -34.3142
14, 2880.00000, 2854.4, -123.754, 0.000183641, -34.3801
14, 2940.00000, 2835.36, -124.087, 0.000182186, -34.7736
14, 3000.00000, 2850.06, -123.831, 0.000183308, -34.4707
14, 3060.00000, 2852.57, -123.787, 0.0001835, -34.4187
14, 3120.00000, 2857.54, -123.698, 0.000183881, -34.314
14, 3180.00000, 2857.53, -123.698, 0.000183879, -34.3141
14, 3240.00000, 2857.51, -123.698, 0.000183879, -34.3146
14, 3300.00000, 2857.51, -123.698, 0.000183879, -34.3144
14, 3360.00000, 2857.53, -123.698, 0.00018388, -34.3142
14, 3420.00000, 2831.47, -124.154, 0.000181889, -34.8531
14, 3480.00000, 2857.56, -123.698, 0.000183882, -34.3137
14, 3540.00000, 2857.54, -123.698, 0.000183881, -34.3138
15, 0.00000, 2857.53, -123.698, 0.00018388, -34.3141
15, 60.00000, 2857.53, -123.698, 0.000183879, -34.3142
15, 120.00000, 2857.53, -123.698, 0.000183879, -34.3142
15, 180.00000, 2857.53, -123.698, 0.00018388, -34.3142
15, 240.00000, 2844.97, -123.92, 0.00018292, -34.5764
15, 300.00000, 2846.89, -123.887, 0.000183066, -34.537
15, 360.00000, 2843.07, -123.954, 0.000182774, -34.6157
15, 420.00000, 2857.54, -123.698, 0.00018388, -34.314
15, 480.00000, 2857.53, -123.698, 0.000183879, -34.3142
15, 540.00000, 2857.51, -123.698, 0.000183878, -34.3144
15, 600.00000, 2857.51, -123.698, 0.000183878, -34.3143
15, 660.00000, 2857.53, -123.698, 0.000183879, -34.314
15, 720.00000, 2831.47, -124.154, 0.000181889, -34.8531
15, 780.00000, 2857.56, -123.698, 0.000183882, -34.3137
15, 840.00000, 2844.97, -123.92, 0.00018292, -34.576
15, 900.00000, 2857.54, -123.698, 0.000183881, -34.3139
15, 960.00000, 2857.53, -123.698, 0.00018388, -34.314
15, 1020.00000, 2857.53, -123.698, 0.00018388, -34.3142
15, 1080.00000, 2857.53, -123.698, 0.000183879, -34.3141
15, 1140.00000, 2844.97, -123.92, 0.00018292, -34.5763
15, 1200.00000, 2846.89, -123.887, 0.000183066, -34.537
15, 1260.00000, 2843.07, -123.954, 0.000182775, -34.6159
15, 1320.00000, 2857.55, -123.698, 0.000183882, -34.3137
15, 1380.00000, 2857.54, -123.698, 0.00018388, -34.3139
15, 1440.00000, 2857.53, -123.698, 0.00018388, -34.3143
15, 1500.00000, 2857.53, -123.698, 0.00018388, -34.3142
15, 1560.00000, 2857.53, -123.698, 0.00018388, -34.3142
15, 1620.00000, 2831.47, -124.154, 0.000181889, -34.8527
15, 1680.00000, 2857.56, -123.698, 0.000183882, -34.3136
15, 1740.00000, 2844.97, -123.92, 0.00018292, -34.576
15, 1800.00000, 2857.54, -123.698, 0.000183881, -34.3139
15, 1860.00000, 2857.53, -123.698, 0.00018388, -34.314
15, 1920.00000, 2857.52, -123.698, 0.000183879, -34.3143
15, 1980.00000, 2857.51, -123.698, 0.000183879, -34.3144
15, 2040.00000, 2857.53, -123.698, 0.000183881, -34.3141
15, 2100.00000, 2846.88, -123.887, 0.000183066, -34.5369
15, 2160.00000, 2843.07, -123.954, 0.000182774, -34.6154
15, 2220.00000, 2857.55, -123.698, 0.000183882, -34.3139
15, 2280.00000, 2857.54, -123.698, 0.00018388, -34.3139
15, 2340.00000, 2857.53, -123.698, 0.000183879, -34.3142
15, 2400.00000, 2857.53, -123.698, 0.00018388, -34.3142
15, 2460.00000, 2857.53, -123.698, 0.00018388, -34.3142
15, 2520.00000, 2844.96, -123.92, 0.000182919, -34.5765
15, 2580.00000, 2857.55, -123.698, 0.000183881, -34.3137
15, 2640.00000, 2844.97, -123.92, 0.00018292, -34.5762
15, 2700.00000, 2844.34, -123.931, 0.000182871, -34.5894
15, 2760.00000, 2836.64, -124.065, 0.000182284, -34.7475
15, 2820.00000, 2857.53, -123.698, 0.000183879, -34.314
15, 2880.00000, 2857.51, -123.698, 0.000183878, -34.3144
15, 2940.00000, 2857.53, -123.698, 0.00018388, -34.3141
15, 3000.00000, 2846.88, -123.887, 0.000183066, -34.5367
15, 3060.00000, 2843.07, -123.954, 0.000182775, -34.6158
15, 3120.00000, 2857.55, -123.698, 0.000183882, -34.3139
15, 3180.00000, 2857.54, -123.698, 0.00018388, -34.3139
15, 3240.00000, 2857.53, -123.698, 0.000183879, -34.3142
15, 3300.00000, 2857.53, -123.698, 0.00018388, -34.3142
15, 3360.00000, 2857.53, -123.698, 0.00018388, -34.3142
15, 3420.00000, 2844.96, -123.92, 0.000182919, -34.5765
15, 3480.00000, 2857.55, -123.698, 0.000183881, -34.3137
15, 3540.00000, 2824.28, -124.277, 0.00018134, -34.9978
16, 0.00000, 2830.84, -124.165, 0.000181841, -34.8657
16, 60.00000, 2836.67, -124.065, 0.000182286, -34.7472
16, 120.00000, 2857.54, -123.698, 0.000183881, -34.3138
16, 180.00000, 2857.53, -123.698, 0.000183879, -34.3141
16, 240.00000, 2857.54, -123.698, 0.00018388, -34.3139
16, 300.00000, 2846.88, -123.887, 0.000183065, -34.5369
16, 360.00000, 2843.07, -123.954, 0.000182775, -34.6159
16, 420.00000, 2857.55, -123.698, 0.000183881, -34.3138
16, 480.00000, 2857.54, -123.698, 0.00018388, -34.3139
16, 540.00000, 2857.53, -123.698, 0.00018388, -34.3141
16, 600.00000, 2857.53, -123.698, 0.00018388, -34.3143
16, 660.00000, 2857.53, -123.698, 0.00018388, -34.3142
16, 720.00000, 2857.53, -123.698, 0.00018388, -34.3141
16, 780.00000, 2857.54, -123.698, 0.000183881, -34.3139
16, 840.00000, 2824.28, -124.277, 0.000181341, -34.9979
16, 900.00000, 2830.84, -124.165, 0.000181841, -34.8657
16, 960.00000, 2836.67, -124.065, 0.000182285, -34.7471
16, 1020.00000, 2857.54, -123.698, 0.000183881, -34.3138
16, 1080.00000, 2857.53, -123.698, 0.000183879, -34.3141
16, 1140.00000, 2857.54, -123.698, 0.00018388, -34.3139
16, 1200.00000, 2854.42, -123.754, 0.000183642, -34.3794
16, 1260.00000, 2848.15, -123.864, 0.000183163, -34.5105
16, 1320.00000, 2857.55, -123.698, 0.000183881, -34.3138
16, 1380.00000, 2857.54, -123.698, 0.000183881, -34.3141
16, 1440.00000, 2857.53, -123.698, 0.00018388, -34.3143
16, 1500.00000, 2857.53, -123.698, 0.000183879, -34.3141
16, 1560.00000, 2857.53, -123.698, 0.000183879, -34.3142
16, 1620.00000, 2857.52, -123.698, 0.000183879, -34.3146
16, 1680.00000, 2857.53, -123.698, 0.000183879, -34.3139
16, 1740.00000, 2824.28, -124.277, 0.00018134, -34.9975
16, 1800.00000, 2830.84, -124.165, 0.000181841, -34.8656
16, 1860.00000, 2836.67, -124.065, 0.000182286, -34.7471
16, 1920.00000, 2857.54, -123.698, 0.00018388, -34.3138
16, 1980.00000, 2857.53, -123.698, 0.000183879, -34.3141
16, 2040.00000, 2857.54, -123.698, 0.00018388, -34.3139
16, 2100.00000, 2854.42, -123.754, 0.000183642, -34.3794
16, 2160.00000, 2848.15, -123.864, 0.000183163, -34.5105
16, 2220.00000, 2857.55, -123.698, 0.000183881, -34.3138
16, 2280.00000, 2857.54, -123.698, 0.000183881, -34.3138
16, 2340.00000, 2857.54, -123.698, 0.000183881, -34.314
16, 2400.00000, 2828.88, -124.198, 0.000181692, -34.9053
16, 2460.00000, 2852.56, -123.786, 0.0001835, -34.4184
16, 2520.00000, 2857.54, -123.698, 0.000183881, -34.3143
16, 2580.00000, 2857.53, -123.698, 0.00018388, -34.314
16, 2640.00000, 2824.28, -124.277, 0.00018134, -34.9977
16, 2700.00000, 2830.84, -124.165, 0.000181842, -34.8658
16, 2760.00000, 2836.67, -124.065, 0.000182285, -34.7471
16, 2820.00000, 2857.54, -123.698, 0.00018388, -34.3138
16, 2880.00000, 2857.53, -123.698, 0.000183879, -34.3141
16, 2940.00000, 2857.54, -123.698, 0.00018388, -34.3139
16, 3000.00000, 2857.54, -123.698, 0.000183881, -34.3138
16, 3060.00000, 2857.54, -123.698, 0.000183881, -34.3139
16, 3120.00000, 2857.54, -123.698, 0.000183881, -34.3139
16, 3180.00000, 2857.54, -123.698, 0.00018388, -34.3138
16, 3240.00000, 2823.62, -124.288, 0.00018129, -35.0109
16, 3300.00000, 2828.89, -124.198, 0.000181692, -34.905
16, 3360.00000, 2852.56, -123.786, 0.0001835, -34.4184
16, 3420.00000, 2857.54, -123.698, 0.000183881, -34.3141
16, 3480.00000, 2857.53, -123.698, 0.00018388, -34.314
16, 3540.00000, 2837.3, -124.054, 0.000182334, -34.7341
17, 0.00000, 2830.83, -124.165, 0.00018184, -34.8658
17, 60.00000, 2836.67, -124.065, 0.000182286, -34.7472
17, 120.00000, 2857.54, -123.698, 0.00018388, -34.3138
17, 180.00000, 2857.53, -123.698, 0.00018388, -34.3142
17, 240.00000, 2857.54, -123.698, 0.00018388, -34.3139
17, 300.00000, 2857.54, -123.698, 0.00018388, -34.3137
17, 360.00000, 2857.54, -123.698, 0.000183881, -34.3139
17, 420.00000, 2857.54, -123.698, 0.000183881, -34.3139
17, 480.00000, 2857.54, -123.698, 0.00018388, -34.3138
17, 540.00000, 2823.62, -124.288, 0.00018129, -35.0109
17, 600.00000, 2828.89, -124.198, 0.000181692, -34.905
17, 660.00000, 2852.56, -123.786, 0.0001835, -34.4184
17, 720.00000, 2857.54, -123.698, 0.000183881, -34.3141
17, 780.00000, 2857.53, -123.698, 0.00018388, -34.314
17, 840.00000, 2837.3, -124.054, 0.000182334, -34.7341
17, 900.00000, 2830.82, -124.165, 0.00018184, -34.8661
17, 960.00000, 2836.65, -124.065, 0.000182285, -34.7475
17, 1020.00000, 2857.54, -123.698, 0.00018388, -34.314
17, 1080.00000, 2857.53, -123.698, 0.000183879, -34.3142
17, 1140.00000, 2857.54, -123.698, 0.000183881, -34.3138
17, 1200.00000, 2857.54, -123.698, 0.000183881, -34.3139
17, 1260.00000, 2857.54, -123.698, 0.000183881, -34.3138
17, 1320.00000, 2857.54, -123.698, 0.000183881, -34.3139
17, 1380.00000, 2857.54, -123.698, 0.000183881, -34.3138
17, 1440.00000, 2823.62, -124.288, 0.00018129, -35.0108
17, 1500.00000, 2828.89, -124.198, 0.000181692, -34.905
17, 1560.00000, 2852.56, -123.786, 0.0001835, -34.4184
17, 1620.00000, 2844.96, -123.92, 0.000182919, -34.5765
17, 1680.00000, 2857.54, -123.698, 0.000183881, -34.3141
17, 1740.00000, 2837.3, -124.054, 0.000182334, -34.7341
17, 1800.00000, 2844.33, -123.932, 0.000182871, -34.5896
17, 1860.00000, 2857.54, -123.698, 0.00018388, -34.314
17, 1920.00000, 2857.53, -123.698, 0.00018388, -34.3142
17, 1980.00000, 2857.53, -123.698, 0.000183879, -34.3142
17, 2040.00000, 2857.54, -123.698, 0.000183881, -34.3138
17, 2100.00000, 2844.34, -123.931, 0.000182872, -34.5895
17, 2160.00000, 2857.55, -123.698, 0.000183881, -34.3137
17, 2220.00000, 2857.54, -123.698, 0.000183881, -34.3138
17, 2280.00000, 2857.54, -123.698, 0.000183881, -34.3138
17, 2340.00000, 2823.62, -124.288, 0.00018129, -35.0108
17, 2400.00000, 2828.89, -124.198, 0.000181692, -34.9053
17, 2460.00000, 2852.56, -123.786, 0.0001835, -34.4184
17, 2520.00000, 2844.96, -123.92, 0.000182919, -34.5765
17, 2580.00000, 2857.54, -123.698, 0.000183881, -34.3141
17, 2640.00000, 2857.54, -123.698, 0.000183881, -34.3139
17, 2700.00000, 2857.53, -123.698, 0.000183879, -34.3141
17, 2760.00000, 2857.53, -123.698, 0.000183879, -34.3141
17, 2820.00000, 2857.53, -123.698, 0.00018388, -34.3143
17, 2880.00000, 2857.53, -123.698, 0.00018388, -34.3142
17, 2940.00000, 2857.54, -123.698, 0.000183881, -34.3138
17, 3000.00000, 2844.34, -123.931, 0.000182872, -34.5895
17, 3060.00000, 2857.55, -123.698, 0.000183881, -34.3137
17, 3120.00000, 2857.54, -123.698, 0.000183881, -34.3138
17, 3180.00000, 2857.54, -123.698, 0.00018388, -34.3141
17, 3240.00000, 2823.61, -124.288, 0.000181289, -35.0111
17, 3300.00000, 2828.88, -124.199, 0.000181691, -34.9056
17, 3360.00000, 2852.55, -123.787, 0.000183499, -34.4188
17, 3420.00000, 2844.95, -123.921, 0.000182919, -34.5767
17, 3480.00000, 2857.54, -123.698, 0.000183881, -34.3142
17, 3540.00000, 2857.54, -123.698, 0.000183881, -34.3138
18, 0.00000, 2857.53, -123.698, 0.000183879, -34.3141
18, 60.00000, 2857.53, -123.698, 0.000183879, -34.3142
18, 120.00000, 2857.53, -123.698, 0.00018388, -34.3144
18, 180.00000, 2857.53, -123.698, 0.00018388, -34.3142
18, 240.00000, 2857.54, -123.698, 0.00018388, -34.3138
18, 300.00000, 2831.48, -124.154, 0.00018189, -34.8526
18, 360.00000, 2857.56, -123.698, 0.000183882, -34.3138
18, 420.00000, 2857.54, -123.698, 0.000183881, -34.314
18, 480.00000, 2857.54, -123.698, 0.00018388, -34.3138
18, 540.00000, 2823.61, -124.288, 0.000181288, -35.0113
18, 600.00000, 2828.88, -124.199, 0.000181691, -34.9055
18, 660.00000, 2852.55, -123.787, 0.0001835, -34.4188
18, 720.00000, 2844.97, -123.92, 0.00018292, -34.5764
18, 780.00000, 2852.57, -123.786, 0.0001835, -34.4183
18, 840.00000, 2850.04, -123.831, 0.000183307, -34.4708
18, 900.00000, 2857.54, -123.698, 0.000183881, -34.314
18, 960.00000, 2857.53, -123.698, 0.000183879, -34.3139
18, 1020.00000, 2857.53, -123.698, 0.000183879, -34.3141
18, 1080.00000, 2857.53, -123.698, 0.000183879, -34.314
18, 1140.00000, 2857.54, -123.698, 0.00018388, -34.3138
18, 1200.00000, 2831.48, -124.154, 0.00018189, -34.8525
18, 1260.00000, 2857.56, -123.698, 0.000183882, -34.3138
18, 1320.00000, 2857.54, -123.698, 0.000183881, -34.314
18, 1380.00000, 2857.54, -123.698, 0.00018388, -34.3138
18, 1440.00000, 2823.61, -124.288, 0.000181288, -35.0113
18, 1500.00000, 2857.54, -123.698, 0.00018388, -34.3138
18, 1560.00000, 2857.53, -123.698, 0.000183879, -34.3141
18, 1620.00000, 2844.97, -123.92, 0.00018292, -34.5765
18, 1680.00000, 2852.57, -123.786, 0.0001835, -34.4182
18, 1740.00000, 2850.04, -123.831, 0.000183307, -34.4708
18, 1800.00000, 2857.54, -123.698, 0.000183881, -34.3141
18, 1860.00000, 2857.53, -123.698, 0.000183879, -34.3142
18, 1920.00000, 2857.51, -123.698, 0.000183879, -34.3147
18, 1980.00000, 2857.51, -123.698, 0.000183878, -34.3144
18, 2040.00000, 2857.53, -123.698, 0.000183879, -34.3142
18, 2100.00000, 2831.47, -124.154, 0.000181889, -34.8531
18, 2160.00000, 2857.56, -123.698, 0.000183882, -34.3138
18, 2220.00000, 2857.54, -123.698, 0.000183881, -34.3139
18, 2280.00000, 2857.54, -123.698, 0.00018388, -34.314
18, 2340.00000, 2857.53, -123.698, 0.00018388, -34.3143
18, 2400.00000, 2857.53, -123.698, 0.000183879, -34.3142
18, 2460.00000, 2857.53, -123.698, 0.00018388, -34.3144
18, 2520.00000, 2844.97, -123.92, 0.00018292, -34.5765
18, 2580.00000, 2851.94, -123.798, 0.000183453, -34.4317
18, 2640.00000, 2837.94, -124.043, 0.000182383, -34.721
18, 2700.00000, 2857.54, -123.698, 0.00018388, -34.3138
18, 2760.00000, 2857.53, -123.698, 0.000183879, -34.314
18, 2820.00000, 2857.51, -123.698, 0.000183878, -34.3144
18, 2880.00000, 2857.51, -123.698, 0.000183878, -34.3145
18, 2940.00000, 2857.53, -123.698, 0.00018388, -34.314
18, 3000.00000, 2831.47, -124.154, 0.000181889, -34.8531
18, 3060.00000, 2857.56, -123.698, 0.000183882, -34.3138
18, 3120.00000, 2844.97, -123.92, 0.00018292, -34.5763
18, 3180.00000, 2857.55, -123.698, 0.000183881, -34.3138
18, 3240.00000, 2857.53, -123.698, 0.000183879, -34.314
18, 3300.00000, 2857.53, -123.698, 0.000183879, -34.3142
18, 3360.00000, 2857.53, -123.698, 0.000183879, -34.3141
18, 3420.00000, 2844.97, -123.92, 0.00018292, -34.5767
18, 3480.00000, 2851.94, -123.798, 0.000183453, -34.4317
18, 3540.00000, 2837.94, -124.043, 0.000182383, -34.721
19, 0.00000, 2857.56, -123.698, 0.000183882, -34.3137
19, 60.00000, 2857.54, -123.698, 0.000183881, -34.3139
19, 120.00000, 2857.53, -123.698, 0.00018388, -34.3143
19, 180.00000, 2857.53, -123.698, 0.000183879, -34.3141
19, 240.00000, 2857.53, -123.698, 0.000183879, -34.314
19, 300.00000, 2831.47, -124.154, 0.000181889, -34.853
19, 360.00000, 2857.56, -123.698, 0.000183882, -34.3138
19, 420.00000, 2844.97, -123.92, 0.00018292, -34.5763
19, 480.00000, 2857.55, -123.698, 0.000183881, -34.3138
19, 540.00000, 2857.53, -123.698, 0.000183879, -34.314
19, 600.00000, 2857.52, -123.698, 0.000183878, -34.3142
19, 660.00000, 2857.51, -123.698, 0.000183878, -34.3144
19, 720.00000, 2857.52, -123.698, 0.000183879, -34.3143
19, 780.00000, 2851.91, -123.798, 0.00018345, -34.4319
19, 840.00000, 2837.93, -124.043, 0.000182382, -34.7209
19, 900.00000, 2857.56, -123.698, 0.000183881, -34.3135
19, 960.00000, 2857.54, -123.698, 0.000183881, -34.3139
19, 1020.00000, 2857.53, -123.698, 0.000183879, -34.3142
19, 1080.00000, 2857.53, -123.698, 0.00018388, -34.3142
19, 1140.00000, 2857.53, -123.698, 0.00018388, -34.3143
19, 1200.00000, 2844.96, -123.92, 0.00018292, -34.5766
19, 1260.00000, 2857.55, -123.698, 0.000183882, -34.3137
19, 1320.00000, 2831.48, -124.154, 0.00018189, -34.8527
19, 1380.00000, 2857.55, -123.698, 0.000183881, -34.3138
19, 1440.00000, 2857.53, -123.698, 0.000183879, -34.314
19, 1500.00000, 2857.52, -123.698, 0.000183879, -34.3145
19, 1560.00000, 2857.51, -123.698, 0.000183878, -34.3145
19, 1620.00000, 2857.52, -123.698, 0.000183878, -34.3141
19, 1680.00000, 2851.91, -123.798, 0.000183451, -34.4319
19, 1740.00000, 2837.93, -124.043, 0.000182382, -34.7209
19, 1800.00000, 2847.53, -123.876, 0.000183115, -34.5235
19, 1860.00000, 2856.93, -123.709, 0.000183833, -34.3268
19, 1920.00000, 2857.53, -123.698, 0.00018388, -34.3142
19, 1980.00000, 2857.53, -123.698, 0.000183879, -34.3141
19, 2040.00000, 2857.53, -123.698, 0.000183879, -34.314
19, 2100.00000, 2844.96, -123.92, 0.000182919, -34.5766
19, 2160.00000, 2857.55, -123.698, 0.000183882, -34.3137
19, 2220.00000, 2831.48, -124.154, 0.00018189, -34.8527
19, 2280.00000, 2857.56, -123.698, 0.000183882, -34.3138
19, 2340.00000, 2857.54, -123.698, 0.000183881, -34.3138
19, 2400.00000, 2857.53, -123.698, 0.00018388, -34.314
19, 2460.00000, 2857.53, -123.698, 0.00018388, -34.3143
19, 2520.00000, 2857.53, -123.698, 0.00018388, -34.3142
19, 2580.00000, 2851.91, -123.798, 0.000183451, -34.4321
19, 2640.00000, 2837.93, -124.043, 0.000182383, -34.7211
19, 2700.00000, 2847.53, -123.876, 0.000183115, -34.5237
19, 2760.00000, 2856.93, -123.709, 0.000183833, -34.3268
19, 2820.00000, 2857.53, -123.698, 0.00018388, -34.3142
19, 2880.00000, 2857.53, -123.698, 0.000183879, -34.3141
19, 2940.00000, 2857.53, -123.698, 0.000183879, -34.314
19, 3000.00000, 2857.53, -123.698, 0.00018388, -34.3142
19, 3060.00000, 2857.54, -123.698, 0.000183881, -34.3138
19, 3120.00000, 2831.48, -124.154, 0.00018189, -34.8524
19, 3180.00000, 2857.56, -123.698, 0.000183882, -34.3138
19, 3240.00000, 2857.54, -123.698, 0.000183881, -34.3138
19, 3300.00000, 2857.53, -123.698, 0.00018388, -34.3138
19, 3360.00000, 2857.53, -123.698, 0.000183879, -34.3142
19, 3420.00000, 2857.53, -123.698, 0.00018388, -34.3142
19, 3480.00000, 2856.9, -123.709, 0.000183832, -34.3273
19, 3540.00000, 2845.61, -123.909, 0.000182968, -34.5632
20, 0.00000, 2847.52, -123.876, 0.000183115, -34.5238
20, 60.00000, 2856.93, -123.709, 0.000183834, -34.3269
20, 120.00000, 2857.53, -123.698, 0.00018388, -34.3142
20, 180.00000, 2857.53, -123.698, 0.000183879, -34.3142
20, 240.00000, 2857.53, -123.698, 0.00018388, -34.3144
20, 300.00000, 2857.53, -123.698, 0.00018388, -34.3141
20, 360.00000, 2857.54, -123.698, 0.000183881, -34.3138
20, 420.00000, 2831.48, -124.154, 0.00018189, -34.8524
20, 480.00000, 2857.56, -123.698, 0.000183882, -34.3138
20, 540.00000, 2857.54, -123.698, 0.000183881, -34.3138
20, 600.00000, 2857.53, -123.698, 0.00018388, -34.3138
20, 660.00000, 2857.53, -123.698, 0.000183879, -34.3142
20, 720.00000, 2857.53, -123.698, 0.00018388, -34.3142
20, 780.00000, 2856.9, -123.709, 0.000183832, -34.3273
20, 840.00000, 2845.61, -123.909, 0.000182968, -34.5632
20, 900.00000, 2847.52, -123.876, 0.000183115, -34.5238
20, 960.00000, 2856.93, -123.709, 0.000183834, -34.3267
20, 1020.00000, 2857.55, -123.698, 0.000183881, -34.314
20, 1080.00000, 2857.54, -123.698, 0.000183882, -34.3141
20, 1140.00000, 2857.54, -123.698, 0.000183881, -34.3138
20, 1200.00000, 2857.54, -123.698, 0.000183881, -34.3139
20, 1260.00000, 2857.54, -123.698, 0.000183881, -34.314
20, 1320.00000, 2831.48, -124.154, 0.00018189, -34.8527
20, 1380.00000, 2857.56, -123.698, 0.000183882, -34.3137
20, 1440.00000, 2857.54, -123.698, 0.000183881, -34.3138
20, 1500.00000, 2857.53, -123.698, 0.00018388, -34.314
20, 1560.00000, 2857.53, -123.698, 0.000183879, -34.3142
20, 1620.00000, 2857.53, -123.698, 0.00018388, -34.3142
20, 1680.00000, 2857.53, -123.698, 0.000183879, -34.3141
20, 1740.00000, 2857.54, -123.698, 0.000183879, -34.3137
20, 1800.00000, 2847.51, -123.876, 0.000183115, -34.5239
20, 1860.00000, 2856.93, -123.709, 0.000183834, -34.3269
20, 1920.00000, 2857.55, -123.698, 0.000183881, -34.3138
20, 1980.00000, 2857.54, -123.698, 0.000183881, -34.3139
20, 2040.00000, 2857.54, -123.698, 0.000183881, -34.3139
20, 2100.00000, 2857.54, -123.698, 0.00018388, -34.3136
20, 2160.00000, 2857.54, -123.698, 0.000183881, -34.314
20, 2220.00000, 2844.34, -123.931, 0.000182872, -34.5893
20, 2280.00000, 2857.55, -123.698, 0.000183882, -34.3137
20, 2340.00000, 2857.54, -123.698, 0.000183881, -34.314
20, 2400.00000, 2857.53, -123.698, 0.000183881, -34.3142
20, 2460.00000, 2857.53, -123.698, 0.000183879, -34.3139
20, 2520.00000, 2857.53, -123.698, 0.000183879, -34.3142
20, 2580.00000, 2857.53, -123.698, 0.000183879, -34.314
20, 2640.00000, 2857.54, -123.698, 0.00018388, -34.3138
20, 2700.00000, 2847.51, -123.876, 0.000183115, -34.5239
20, 2760.00000, 2856.93, -123.709, 0.000183834, -34.3269
20, 2820.00000, 2857.55, -123.698, 0.000183881, -34.3138
20, 2880.00000, 2857.54, -123.698, 0.000183881, -34.3139
20, 2940.00000, 2857.54, -123.698, 0.000183881, -34.3139
20, 3000.00000, 2857.54, -123.698, 0.00018388, -34.3136
20, 3060.00000, 2857.54, -123.698, 0.000183881, -34.314
20, 3120.00000, 2844.34, -123.931, 0.000182872, -34.5893
20, 3180.00000, 2857.55, -123.698, 0.000183882, -34.3137
20, 3240.00000, 2857.54, -123.698, 0.000183881, -34.314
20, 3300.00000, 2857.54, -123.698, 0.000183881, -34.3138
20, 3360.00000, 2857.54, -123.698, 0.000183881, -34.3139
20, 3420.00000, 2857.54, -123.698, 0.000183881, -34.3138
20, 3480.00000, 2857.54, -123.698, 0.00018388, -34.3137
20, 3540.00000, 2857.54, -123.698, 0.00018388, -34.3138
21, 0.00000, 2847.51, -123.876, 0.000183114, -34.5235
21, 60.00000, 2857.55, -123.698, 0.000183881, -34.3137
21, 120.00000, 2857.54, -123.698, 0.000183881, -34.3137
21, 180.00000, 2857.54, -123.698, 0.000183881, -34.3139
21, 240.00000, 2857.54, -123.698, 0.000183881, -34.314
21, 300.00000, 2857.54, -123.698, 0.000183881, -34.3138
21, 360.00000, 2857.54, -123.698, 0.000183881, -34.3139
21, 420.00000, 2857.54, -123.698, 0.000183881, -34.3141
21, 480.00000, 2857.54, -123.698, 0.000183881, -34.3138
21, 540.00000, 2857.54, -123.698, 0.000183881, -34.3138
21, 600.00000, 2857.54, -123.698, 0.000183881, -34.3138
21, 660.00000, 2857.54, -123.698, 0.000183881, -34.3138
21, 720.00000, 2857.54, -123.698, 0.000183881, -34.3138
21, 780.00000, 2857.54, -123.698, 0.000183881, -34.3138
21, 840.00000, 2857.54, -123.698, 0.000183881, -34.3138
21, 900.00000, 2857.54, -123.698, 0.000183881, -34.3138
21, 960.00000, 2857.54, -123.698, 0.000183881, -34.3138
21, 1020.00000, 2857.54, -123.698, 0.000183881, -34.3138
21, 1080.00000, 2857.54, -123.698, 0.000183881, -34.3138
21, 1140.00000, 2857.54, -123.698, 0.000183881, -34.3138
21, 1200.00000, 2857.54, -123.698, 0.000183881, -34.3138
21, 1260.00000, 2857.54, -123.698, 0.000183881, -34.3138
21, 1320.00000, 2857.54, -123.698, 0.000183881, -34.3138
21, 1380.00000, 2857.54, -123.698, 0.000183881, -34.3138
21, 1440.00000, 2857.54, -123.698, 0.000183881, -34.3138
21, 1500.00000, 2857.54, -123.698, 0.000183881, -34.3138
21, 1560.00000, 2857.54, -123.698, 0.000183881, -34.3138
21, 1620.00000, 2857.54, -123.698, 0.000183881, -34.3138
21, 1680.00000, 2857.54, -123.698, 0.000183881, -34.3138
21, 1740.00000, 2857.54, -123.698, 0.000183881, -34.3138
21, 1800.00000, 2857.54, -123.698, 0.000183881, -34.3138
21, 1860.00000, 2857.54, -123.698, 0.000183881, -34.3138
21, 1920.00000, 2857.54, -123.698, 0.000183881, -34.3138
21, 1980.00000, 2857.54, -123.698, 0.000183881, -34.3138
21, 2040.00000, 2857.54, -123.698, 0.000183881, -34.3138
21, 2100.00000, 2857.54, -123.698, 0.000183881, -34.3138
21, 2160.00000, 2857.54, -123.698, 0.000183881, -34.3138
21, 2220.00000, 2857.54, -123.698, 0.000183881, -34.3138
21, 2280.00000, 2857.54, -123.698, 0.000183881, -34.3138
21, 2340.00000, 2857.54, -123.698, 0.000183881, -34.3138
21, 2400.00000, 2857.54, -123.698, 0.000183881, -34.3138
21, 2460.00000, 2857.54, -123.698, 0.000183881, -34.3138
21, 2520.00000, 2857.54, -123.698, 0.000183881, -34.3138
21, 2580.00000, 2857.54, -123.698, 0.000183881, -34.3138
21, 2640.00000, 2857.54, -123.698, 0.000183881, -34.3138
21, 2700.00000, 2857.54, -123.698, 0.000183881, -34.3138
21, 2760.00000, 2857.54, -123.698, 0.000183881, -34.3138
21, 2820.00000, 2857.54, -123.698, 0.000183881, -34.3138
21, 2880.00000, 2857.54, -123.698, 0.000183881, -34.3138
21, 2940.00000, 2857.54, -123.698, 0.000183881, -34.3138
21, 3000.00000, 2857.54, -123.698, 0.000183881, -34.3138
21, 3060.00000, 2857.54, -123.698, 0.000183881, -34.3138
21, 3120.00000, 2857.54, -123.698, 0.000183881, -34.3138
21, 3180.00000, 2857.54, -123.698, 0.000183881, -34.3138
21, 3240.00000, 2857.54, -123.698, 0.000183881, -34.3138
21, 3300.00000, 2857.54, -123.698, 0.000183881, -34.3138
21, 3360.00000, 2857.54, -123.698, 0.000183881, -34.3138
21, 3420.00000, 2857.54, -123.698, 0.000183881, -34.3138
21, 3480.00000, 2857.54, -123.698, 0.000183881, -34.3138
21, 3540.00000, 2857.54, -123.698, 0.000183881, -34.3138
22, 0.00000, 2857.54, -123.698, 0.000183881, -34.3138
22, 60.00000, 2857.54, -123.698, 0.000183881, -34.3138
22, 120.00000, 2857.54, -123.698, 0.000183881, -34.3138
22, 180.00000, 2857.54, -123.698, 0.000183881, -34.3138
22, 240.00000, 2857.54, -123.698, 0.000183881, -34.3138
22, 300.00000, 2857.54, -123.698, 0.000183881, -34.3138
22, 360.00000, 2857.54, -123.698, 0.000183881, -34.3138
22, 420.00000, 2857.54, -123.698, 0.000183881, -34.3138
22, 480.00000, 2857.54, -123.698, 0.000183881, -34.3138
22, 540.00000, 2857.54, -123.698, 0.000183881, -34.3138
22, 600.00000, 2857.54, -123.698, 0.000183881, -34.3138
22, 660.00000, 2857.54, -123.698, 0.000183881, -34.3138
22, 720.00000, 2857.54, -123.698, 0.000183881, -34.3138
22, 780.00000, 2857.54, -123.698, 0.000183881, -34.3138
22, 840.00000, 2857.54, -123.698, 0.000183881, -34.3138
22, 900.00000, 2857.54, -123.698, 0.000183881, -34.3138
22, 960.00000, 2857.54, -123.698, 0.000183881, -34.3138
22, 1020.00000, 2857.54, -123.698, 0.000183881, -34.3138
22, 1080.00000, 2857.54, -123.698, 0.000183881, -34.3138
22, 1140.00000, 2857.54, -123.698, 0.000183881, -34.3138
22, 1200.00000, 2857.54, -123.698, 0.000183881, -34.3138
22, 1260.00000, 2857.54, -123.698, 0.000183881, -34.3138
22, 1320.00000, 2857.54, -123.698, 0.000183881, -34.3138
22, 1380.00000, 2857.54, -123.698, 0.000183881, -34.3138
22, 1440.00000, 2857.54, -123.698, 0.000183881, -34.3138
22, 1500.00000, 2857.54, -123.698, 0.000183881, -34.3138
22, 1560.00000, 2857.54, -123.698, 0.000183881, -34.3138
22, 1620.00000, 2857.54, -123.698, 0.000183881, -34.3138
22, 1680.00000, 2857.54, -123.698, 0.000183881, -34.3138
22, 1740.00000, 2857.54, -123.698, 0.000183881, -34.3138
22, 1800.00000, 2857.54, -123.698, 0.000183881, -34.3138
22, 1860.00000, 2857.54, -123.698, 0.000183881, -34.3138
22, 1920.00000, 2857.54, -123.698, 0.000183881, -34.3138
22, 1980.00000, 2857.54, -123.698, 0.000183881, -34.3138
22, 2040.00000, 2857.54, -123.698, 0.000183881, -34.3138
22, 2100.00000, 2857.54, -123.698, 0.000183881, -34.3138
22, 2160.00000, 2857.54, -123.698, 0.000183881, -34.3138
22, 2220.00000, 2857.54, -123.698, 0.000183881, -34.3138
22, 2280.00000, 2857.54, -123.698, 0.000183881, -34.3138
22, 2340.00000, 2857.54, -123.698, 0.000183881, -34.3138
22, 2400.00000, 2857.54, -123.698, 0.000183881, -34.3138
22, 2460.00000, 2857.54, -123.698, 0.000183881, -34.3138
22, 2520.00000, 2857.54, -123.698, 0.000183881, -34.3138
22, 2580.00000, 2857.54, -123.698, 0.000183881, -34.3138
22, 2640.00000, 2857.54, -123.698, 0.000183881, -34.3138
22, 2700.00000, 2857.54, -123.698, 0.000183881, -34.3138
22, 2760.00000, 2857.54, -123.698, 0.000183881, -34.3138
22, 2820.00000, 2857.54, -123.698, 0.000183881, -34.3138
22, 2880.00000, 2857.54, -123.698, 0.000183881, -34.3138
22, 2940.00000, 2857.54, -123.698, 0.000183881, -34.3138
22, 3000.00000, 2857.54, -123.698, 0.000183881, -34.3138
22, 3060.00000, 2857.54, -123.698, 0.000183881, -34.3138
22, 3120.00000, 2857.54, -123.698, 0.000183881, -34.3138
22, 3180.00000, 2857.54, -123.698, 0.000183881, -34.3138
22, 3240.00000, 2857.54, -123.698, 0.000183881, -34.3138
22, 3300.00000, 2857.54, -123.698, 0.000183881, -34.3138
22, 3360.00000, 2857.54, -123.698, 0.000183881, -34.3138
22, 3420.00000, 2857.54, -123.698, 0.000183881, -34.3138
22, 3480.00000, 2857.54, -123.698, 0.000183881, -34.3138
22, 3540.00000, 2857.54, -123.698, 0.000183881, -34.3138
23, 0.00000, 2857.54, -123.698, 0.000183881, -34.3138
23, 60.00000, 2857.54, -123.698, 0.000183881, -34.3138
23, 120.00000, 2857.54, -123.698, 0.000183881, -34.3138
23, 180.00000, 2857.54, -123.698, 0.000183881, -34.3138
23, 240.00000, 2857.54, -123.698, 0.000183881, -34.3138
23, 300.00000, 2857.54, -123.698, 0.000183881, -34.3138
23, 360.00000, 2857.54, -123.698, 0.000183881, -34.3138
23, 420.00000, 2857.54, -123.698, 0.000183881, -34.3138
23, 480.00000, 2857.54, -123.698, 0.000183881, -34.3138
23, 540.00000, 2857.54, -123.698, 0.000183881, -34.3138
23, 600.00000, 2857.54, -123.698, 0.000183881, -34.3138
23, 660.00000, 2857.54, -123.698, 0.000183881, -34.3138
23, 720.00000, 2857.54, -123.698, 0.000183881, -34.3138
23, 780.00000, 2857.54, -123.698, 0.000183881, -34.3138
23, 840.00000, 2857.54, -123.698, 0.000183881, -34.3138
23, 900.00000, 2857.54, -123.698, 0.000183881, -34.3138
23, 960.00000, 2857.54, -123.698, 0.000183881, -34.3138
23, 1020.00000, 2857.54, -123.698, 0.000183881, -34.3138
23, 1080.00000, 2857.54, -123.698, 0.000183881, -34.3138
23, 1140.00000, 2857.54, -123.698, 0.000183881, -34.3138
23, 1200.00000, 2857.54, -123.698, 0.000183881, -34.3138
23, 1260.00000, 2857.54, -123.698, 0.000183881, -34.3138
23, 1320.00000, 2857.54, -123.698, 0.000183881, -34.3138
23, 1380.00000, 2857.54, -123.698, 0.000183881, -34.3138
23, 1440.00000, 2857.54, -123.698, 0.000183881, -34.3138
23, 1500.00000, 2857.54, -123.698, 0.000183881, -34.3138
23, 1560.00000, 2857.54, -123.698, 0.000183881, -34.3138
23, 1620.00000, 2857.54, -123.698, 0.000183881, -34.3138
23, 1680.00000, 2857.54, -123.698, 0.000183881, -34.3138
23, 1740.00000, 2857.54, -123.698, 0.000183881, -34.3138
23, 1800.00000, 2857.54, -123.698, 0.000183881, -34.3138
23, 1860.00000, 2857.54, -123.698, 0.000183881, -34.3138
23, 1920.00000, 2857.54, -123.698, 0.000183881, -34.3138
23, 1980.00000, 2857.54, -123.698, 0.000183881, -34.3138
23, 2040.00000, 2857.54, -123.698, 0.000183881, -34.3138
23, 2100.00000, 2857.54, -123.698, 0.000183881, -34.3138
23, 2160.00000, 2857.54, -123.698, 0.000183881, -34.3138
23, 2220.00000, 2857.54, -123.698, 0.000183881, -34.3138
23, 2280.00000, 2857.54, -123.698, 0.000183881, -34.3138
23, 2340.00000, 2857.54, -123.698, 0.000183881, -34.3138
23, 2400.00000, 2857.54, -123.698, 0.000183881, -34.3138
23, 2460.00000, 2857.54, -123.698, 0.000183881, -34.3138
23, 2520.00000, 2857.54, -123.698, 0.000183881, -34.3138
23, 2580.00000, 2857.54, -123.698, 0.000183881, -34.3138
23, 2640.00000, 2857.54, -123.698, 0.000183881, -34.3138
23, 2700.00000, 2857.54, -123.698, 0.000183881, -34.3138
23, 2760.00000, 2857.54, -123.698, 0.000183881, -34.3138
23, 2820.00000, 2857.54, -123.698, 0.000183881, -34.3138
23, 2880.00000, 2857.54, -123.698, 0.000183881, -34.3138
23, 2940.00000, 2857.54, -123.698, 0.000183881, -34.3138
23, 3000.00000, 2857.54, -123.698, 0.000183881, -34.3138
23, 3060.00000, 2857.54, -123.698, 0.000183881, -34.3138
23, 3120.00000, 2857.54, -123.698, 0.000183881, -34.3138
23, 3180.00000, 2857.54, -123.698, 0.000183881, -34.3138
23, 3240.00000, 2857.54, -123.698, 0.000183881, -34.3138
23, 3300.00000, 2857.54, -123.698, 0.000183881, -34.3138
23, 3360.00000, 2857.54, -123.698, 0.000183881, -34.3138
23, 3420.00000, 2857.54, -123.698, 0.000183881, -34.3138
23, 3480.00000, 2857.54, -123.698, 0.000183881, -34.3138
23, 3540.00000, 2857.54, -123.698, 0.000183881, -34.3138
24, 0.00000, 2857.54, -123.698, 0.000183881, -34.3138
