Time; I1; I2; I3
0;39.7931;33.1435;24.5164
1;39.7976;33.1469;24.519
2;39.7977;33.147;24.5191
3;39.7977;33.147;24.5191
4;39.7977;33.147;24.5191
5;39.7977;33.147;24.5191
6;39.7977;33.147;24.5191
7;39.7977;33.147;24.5191
8;39.7977;33.147;24.5191
9;39.7977;33.147;24.5191
10;39.7977;33.147;24.5191
11;39.7977;33.147;24.5191
12;39.7977;33.147;24.5191
13;39.7977;33.147;24.5191
14;39.7977;33.147;24.5191
15;39.7977;33.147;24.5191
16;39.7977;33.147;24.5191
17;39.7977;33.147;24.5191
18;39.7977;33.147;24.5191
19;39.7977;33.147;24.5191
20;39.7977;33.147;24.5191
21;39.7977;33.147;24.5191
22;39.7977;33.147;24.5191
23;39.7977;33.147;24.5191
24;39.7977;33.147;24.5191
25;39.7977;33.147;24.5191
26;39.7977;33.147;24.5191
27;39.7977;33.147;24.5191
28;39.7977;33.147;24.5191
29;39.7977;33.147;24.5191
30;37.0508;30.835;22.7517
31;37.0492;30.8338;22.7508
32;37.0491;30.8338;22.7508
33;37.0491;30.8338;22.7508
34;37.0491;30.8338;22.7508
35;37.0491;30.8338;22.7508
36;37.0491;30.8338;22.7508
37;37.0491;30.8338;22.7508
38;37.0491;30.8338;22.7508
39;37.0491;30.8338;22.7508
40;37.0491;30.8338;22.7508
41;37.0491;30.8338;22.7508
42;37.0491;30.8338;22.7508
43;37.0491;30.8338;22.7508
44;37.0491;30.8338;22.7508
45;37.0491;30.8338;22.7508
46;37.0491;30.8338;22.7508
47;37.0491;30.8338;22.7508
48;37.0491;30.8338;22.7508
49;37.0491;30.8338;22.7508
50;37.0491;30.8338;22.7508
51;37.0491;30.8338;22.7508
52;37.0491;30.8338;22.7508
53;37.0491;30.8338;22.7508
54;37.0491;30.8338;22.7508
55;37.0491;30.8338;22.7508
56;37.0491;30.8338;22.7508
57;37.0491;30.8338;22.7508
58;37.0491;30.8338;22.7508
59;37.0491;30.8338;22.7508
60;37.0491;30.8338;22.7508
61;37.0491;30.8338;22.7508
62;37.0491;30.8338;22.7508
63;37.0491;30.8338;22.7508
64;37.0491;30.8338;22.7508
65;37.0491;30.8338;22.7508
66;37.0491;30.8338;22.7508
67;37.0491;30.8338;22.7508
68;37.0491;30.8338;22.7508
69;37.0491;30.8338;22.7508
70;37.0491;30.8338;22.7508
71;37.0491;30.8338;22.7508
72;37.0491;30.8338;22.7508
73;37.0491;30.8338;22.7508
74;37.0491;30.8338;22.7508
75;37.0491;30.8338;22.7508
76;37.0491;30.8338;22.7508
77;37.0491;30.8338;22.7508
78;37.0491;30.8338;22.7508
79;37.0491;30.8338;22.7508
80;37.0491;30.8338;22.7508
81;37.0491;30.8338;22.7508
82;37.0491;30.8338;22.7508
83;37.0491;30.8338;22.7508
84;37.0491;30.8338;22.7508
85;37.0491;30.8338;22.7508
86;37.0491;30.8338;22.7508
87;37.0491;30.8338;22.7508
88;37.0491;30.8338;22.7508
89;35.6866;29.6884;21.8786
90;35.6859;29.6879;21.8782
91;35.6859;29.6879;21.8782
92;35.6859;29.6879;21.8782
93;35.6859;29.6879;21.8782
94;35.6859;29.6879;21.8782
95;35.6859;29.6879;21.8782
96;35.6859;29.6879;21.8782
97;35.6859;29.6879;21.8782
98;35.6859;29.6879;21.8782
99;35.6859;29.6879;21.8782
100;35.6859;29.6879;21.8782
101;35.6859;29.6879;21.8782
102;35.6859;29.6879;21.8782
103;35.6859;29.6879;21.8782
104;35.6859;29.6879;21.8782
105;35.6859;29.6879;21.8782
106;35.6859;29.6879;21.8782
107;35.6859;29.6879;21.8782
108;35.6859;29.6879;21.8782
109;35.6859;29.6879;21.8782
110;35.6859;29.6879;21.8782
111;35.6859;29.6879;21.8782
112;35.6859;29.6879;21.8782
113;35.6859;29.6879;21.8782
114;35.6859;29.6879;21.8782
115;35.6859;29.6879;21.8782
116;35.6859;29.6879;21.8782
117;35.6859;29.6879;21.8782
118;35.6859;29.6879;21.8782
119;35.6859;29.6879;21.8782
120;35.6859;29.6879;21.8782
121;35.6859;29.6879;21.8782
122;35.6859;29.6879;21.8782
123;35.6859;29.6879;21.8782
124;35.6859;29.6879;21.8782
125;35.6859;29.6879;21.8782
126;35.6859;29.6879;21.8782
127;35.6859;29.6879;21.8782
128;35.6859;29.6879;21.8782
129;35.6859;29.6879;21.8782
130;35.6859;29.6879;21.8782
131;35.6859;29.6879;21.8782
132;35.6859;29.6879;21.8782
133;35.6859;29.6879;21.8782
134;35.6859;29.6879;21.8782
135;35.6859;29.6879;21.8782
136;35.6859;29.6879;21.8782
137;35.6859;29.6879;21.8782
138;35.6859;29.6879;21.8782
139;35.6859;29.6879;21.8782
140;35.6859;29.6879;21.8782
141;35.6859;29.6879;21.8782
142;35.6859;29.6879;21.8782
143;35.6859;29.6879;21.8782
144;35.6859;29.6879;21.8782
145;35.6859;29.6879;21.8782
146;35.6859;29.6879;21.8782
147;35.6859;29.6879;21.8782
148;35.6859;29.6879;21.8782
149;35.6859;29.6879;21.8782
150;34.4116;28.5807;21.0607
151;34.4144;28.5823;21.0626
152;34.4145;28.5823;21.0626
153;34.4145;28.5823;21.0626
154;34.4145;28.5823;21.0626
155;34.4145;28.5823;21.0626
156;34.4145;28.5823;21.0626
157;34.4145;28.5823;21.0626
158;34.4145;28.5823;21.0626
159;34.4145;28.5823;21.0626
160;34.4145;28.5823;21.0626
161;34.4145;28.5823;21.0626
162;34.4145;28.5823;21.0626
163;34.4145;28.5823;21.0626
164;34.4145;28.5823;21.0626
165;34.4145;28.5823;21.0626
166;34.4145;28.5823;21.0626
167;34.4145;28.5823;21.0626
168;34.4145;28.5823;21.0626
169;34.4145;28.5823;21.0626
170;34.4145;28.5823;21.0626
171;34.4145;28.5823;21.0626
172;34.4145;28.5823;21.0626
173;34.4145;28.5823;21.0626
174;34.4145;28.5823;21.0626
175;34.4145;28.5823;21.0626
176;34.4145;28.5823;21.0626
177;34.4145;28.5823;21.0626
178;34.4145;28.5823;21.0626
179;34.4145;28.5823;21.0626
180;34.4145;28.5823;21.0626
181;34.4145;28.5823;21.0626
182;34.4145;28.5823;21.0626
183;34.4145;28.5823;21.0626
184;34.4145;28.5823;21.0626
185;34.4145;28.5823;21.0626
186;34.4145;28.5823;21.0626
187;34.4145;28.5823;21.0626
188;34.4145;28.5823;21.0626
189;34.4145;28.5823;21.0626
190;34.4145;28.5823;21.0626
191;34.4145;28.5823;21.0626
192;34.4145;28.5823;21.0626
193;34.4145;28.5823;21.0626
194;34.4145;28.5823;21.0626
195;34.4145;28.5823;21.0626
196;34.4145;28.5823;21.0626
197;34.4145;28.5823;21.0626
198;34.4145;28.5823;21.0626
199;34.4145;28.5823;21.0626
200;34.4145;28.5823;21.0626
201;34.4145;28.5823;21.0626
202;34.4145;28.5823;21.0626
203;34.4145;28.5823;21.0626
204;34.4145;28.5823;21.0626
205;34.4145;28.5823;21.0626
206;34.4145;28.5823;21.0626
207;34.4145;28.5823;21.0626
208;34.4145;28.5823;21.0626
209;33.9641;28.2047;20.776
210;33.9628;28.2037;20.7753
211;33.9628;28.2037;20.7752
212;33.9628;28.2037;20.7752
213;33.9628;28.2037;20.7752
214;33.9628;28.2037;20.7752
215;33.9628;28.2037;20.7752
216;33.9628;28.2037;20.7752
217;33.9628;28.2037;20.7752
218;33.9628;28.2037;20.7752
219;33.9628;28.2037;20.7752
220;33.9628;28.2037;20.7752
221;33.9628;28.2037;20.7752
222;33.9628;28.2037;20.7752
223;33.9628;28.2037;20.7752
224;33.9628;28.2037;20.7752
225;33.9628;28.2037;20.7752
226;33.9628;28.2037;20.7752
227;33.9628;28.2037;20.7752
228;33.9628;28.2037;20.7752
229;33.9628;28.2037;20.7752
230;33.9628;28.2037;20.7752
231;33.9628;28.2037;20.7752
232;33.9628;28.2037;20.7752
233;33.9628;28.2037;20.7752
234;33.9628;28.2037;20.7752
235;33.9628;28.2037;20.7752
236;33.9628;28.2037;20.7752
237;33.9628;28.2037;20.7752
238;33.9628;28.2037;20.7752
239;33.9628;28.2037;20.7752
240;33.9628;28.2037;20.7752
241;33.9628;28.2037;20.7752
242;33.9628;28.2037;20.7752
243;33.9628;28.2037;20.7752
244;33.9628;28.2037;20.7752
245;33.9628;28.2037;20.7752
246;33.9628;28.2037;20.7752
247;33.9628;28.2037;20.7752
248;33.9628;28.2037;20.7752
249;33.9628;28.2037;20.7752
250;33.9628;28.2037;20.7752
251;33.9628;28.2037;20.7752
252;33.9628;28.2037;20.7752
253;33.9628;28.2037;20.7752
254;33.9628;28.2037;20.7752
255;33.9628;28.2037;20.7752
256;33.9628;28.2037;20.7752
257;33.9628;28.2037;20.7752
258;33.9628;28.2037;20.7752
259;33.9628;28.2037;20.7752
260;33.9628;28.2037;20.7752
261;33.9628;28.2037;20.7752
262;33.9628;28.2037;20.7752
263;33.9628;28.2037;20.7752
264;33.9628;28.2037;20.7752
265;33.9628;28.2037;20.7752
266;33.9628;28.2037;20.7752
267;33.9628;28.2037;20.7752
268;33.9628;28.2037;20.7752
269;33.9628;28.2037;20.7752
270;33.0643;27.4505;20.2044
271;33.0618;27.4487;20.203
272;33.0618;27.4487;20.203
273;33.0618;27.4487;20.203
274;33.0618;27.4487;20.203
275;33.0618;27.4487;20.203
276;33.0618;27.4487;20.203
277;33.0618;27.4487;20.203
278;33.0618;27.4487;20.203
279;33.0618;27.4487;20.203
280;33.0618;27.4487;20.203
281;33.0618;27.4487;20.203
282;33.0618;27.4487;20.203
283;33.0618;27.4487;20.203
284;33.0618;27.4487;20.203
285;33.0618;27.4487;20.203
286;33.0618;27.4487;20.203
287;33.0618;27.4487;20.203
288;33.0618;27.4487;20.203
289;33.0618;27.4487;20.203
290;33.0618;27.4487;20.203
291;33.0618;27.4487;20.203
292;33.0618;27.4487;20.203
293;33.0618;27.4487;20.203
294;33.0618;27.4487;20.203
295;33.0618;27.4487;20.203
296;33.0618;27.4487;20.203
297;33.0618;27.4487;20.203
298;33.0618;27.4487;20.203
299;33.0618;27.4487;20.203
300;33.0618;27.4487;20.203
301;33.0618;27.4487;20.203
302;33.0618;27.4487;20.203
303;33.0618;27.4487;20.203
304;33.0618;27.4487;20.203
305;33.0618;27.4487;20.203
306;33.0618;27.4487;20.203
307;33.0618;27.4487;20.203
308;33.0618;27.4487;20.203
309;33.0618;27.4487;20.203
310;33.0618;27.4487;20.203
311;33.0618;27.4487;20.203
312;33.0618;27.4487;20.203
313;33.0618;27.4487;20.203
314;33.0618;27.4487;20.203
315;33.0618;27.4487;20.203
316;33.0618;27.4487;20.203
317;33.0618;27.4487;20.203
318;33.0618;27.4487;20.203
319;33.0618;27.4487;20.203
320;33.0618;27.4487;20.203
321;33.0618;27.4487;20.203
322;33.0618;27.4487;20.203
323;33.0618;27.4487;20.203
324;33.0618;27.4487;20.203
325;33.0618;27.4487;20.203
326;33.0618;27.4487;20.203
327;33.0618;27.4487;20.203
328;33.0618;27.4487;20.203
329;33.0618;27.4487;20.203
330;33.0618;27.4487;20.203
331;33.0618;27.4487;20.203
332;33.0618;27.4487;20.203
333;33.0618;27.4487;20.203
334;33.0618;27.4487;20.203
335;33.0618;27.4487;20.203
336;33.0618;27.4487;20.203
337;33.0618;27.4487;20.203
338;33.0618;27.4487;20.203
339;33.0618;27.4487;20.203
340;33.0618;27.4487;20.203
341;33.0618;27.4487;20.203
342;33.0618;27.4487;20.203
343;33.0618;27.4487;20.203
344;33.0618;27.4487;20.203
345;33.0618;27.4487;20.203
346;33.0618;27.4487;20.203
347;33.0618;27.4487;20.203
348;33.0618;27.4487;20.203
349;33.0618;27.4487;20.203
350;33.0618;27.4487;20.203
351;33.0618;27.4487;20.203
352;33.0618;27.4487;20.203
353;33.0618;27.4487;20.203
354;33.0618;27.4487;20.203
355;33.0618;27.4487;20.203
356;33.0618;27.4487;20.203
357;33.0618;27.4487;20.203
358;33.0618;27.4487;20.203
359;33.0618;27.4487;20.203
360;33.0618;27.4487;20.203
361;33.0618;27.4487;20.203
362;33.0618;27.4487;20.203
363;33.0618;27.4487;20.203
364;33.0618;27.4487;20.203
365;33.0618;27.4487;20.203
366;33.0618;27.4487;20.203
367;33.0618;27.4487;20.203
368;33.0618;27.4487;20.203
369;33.0618;27.4487;20.203
370;33.0618;27.4487;20.203
371;33.0618;27.4487;20.203
372;33.0618;27.4487;20.203
373;33.0618;27.4487;20.203
374;33.0693;27.456;20.2111
375;33.1001;27.4834;20.2397
376;33.1262;27.5068;20.2642
377;33.0942;27.4776;20.2331
378;33.0975;27.4812;20.2374
379;33.0979;27.481;20.2369
380;33.0735;27.459;20.2136
381;33.0649;27.451;20.2049
382;33.0619;27.4488;20.203
383;33.0618;27.4487;20.203
384;33.0641;27.4511;20.2056
385;33.0967;27.4805;20.2367
386;33.0976;27.4809;20.2368
387;33.0957;27.4791;20.2348
388;33.0959;27.4795;20.2355
389;33.0827;27.4674;20.2224
390;32.2038;26.7322;19.6709
391;32.2259;26.7526;19.6929
392;32.195;26.7244;19.6628
393;32.1983;26.7279;19.667
394;32.2023;26.7314;19.6706
395;32.2166;26.7441;19.684
396;32.1988;26.7279;19.6666
397;32.2156;26.7433;19.6831
398;32.1827;26.7134;19.6511
399;32.1679;26.7002;19.6375
400;32.1975;26.7272;19.6664
401;32.1983;26.7276;19.6664
402;32.1964;26.7258;19.6645
403;32.1967;26.7263;19.6652
404;32.1839;26.7146;19.6526
405;32.2013;26.7304;19.6695
406;32.2259;26.7526;19.6929
407;32.195;26.7244;19.6628
408;32.1983;26.7279;19.667
409;32.2023;26.7314;19.6706
410;32.2166;26.7441;19.684
411;32.1988;26.7279;19.6666
412;32.2156;26.7433;19.6831
413;32.1827;26.7134;19.6511
414;32.1679;26.7002;19.6375
415;32.1976;26.7272;19.6664
416;32.1983;26.7276;19.6664
417;32.1965;26.7259;19.6645
418;32.1967;26.7263;19.6652
419;32.1839;26.7146;19.6526
420;32.2013;26.7304;19.6695
421;32.2259;26.7526;19.6929
422;32.195;26.7244;19.6628
423;32.1983;26.7279;19.667
424;32.2023;26.7314;19.6706
425;32.2166;26.7441;19.684
426;32.1988;26.7279;19.6666
427;32.2156;26.7433;19.6831
428;32.1827;26.7134;19.6511
429;32.19;26.7208;19.6597
430;32.2481;26.7728;19.7146
431;32.2494;26.7734;19.7145
432;32.2342;26.7597;19.7001
433;32.2319;26.7577;19.6981
434;32.2086;26.7367;19.6758
435;32.2042;26.7325;19.6712
436;32.2259;26.7526;19.6929
437;32.195;26.7244;19.6628
438;32.1983;26.7279;19.667
439;32.2222;26.7493;19.6895
440;32.2517;26.7759;19.7176
441;32.2351;26.7605;19.7009
442;32.2502;26.7744;19.7158
443;32.2067;26.7348;19.6736
444;32.1941;26.7237;19.6622
445;32.2481;26.7729;19.7146
446;32.2494;26.7734;19.7145
447;32.2342;26.7597;19.7001
448;32.2319;26.7577;19.6981
449;34.0325;28.2666;20.8415
450;34.054;28.2859;20.8619
451;34.0863;28.315;20.8926
452;34.0325;28.2659;20.8403
453;34.0049;28.2414;20.8147
454;34.0257;28.2606;20.8353
455;34.0575;28.2893;20.8657
456;34.0397;28.2728;20.8478
457;34.0559;28.2877;20.8638
458;34.0091;28.245;20.8184
459;33.9954;28.233;20.8059
460;34.0535;28.2859;20.8623
461;34.0551;28.2866;20.8624
462;34.0387;28.2719;20.8469
463;34.0362;28.2697;20.8447
464;34.035;28.2684;20.8429
465;34.054;28.2859;20.8619
466;34.0862;28.315;20.8926
467;34.0325;28.2659;20.8403
468;34.0049;28.2414;20.8147
469;34.0257;28.2606;20.8353
470;34.0575;28.2893;20.8657
471;34.0397;28.2728;20.8478
472;34.0559;28.2877;20.8638
473;34.0092;28.245;20.8184
474;33.9954;28.233;20.8059
475;34.0535;28.2859;20.8623
476;34.0551;28.2866;20.8624
477;34.0387;28.2719;20.8469
478;34.0362;28.2697;20.8447
479;34.0227;28.2575;20.8317
480;34.0156;28.2507;20.8245
481;34.0167;28.2525;20.8268
482;33.9982;28.2353;20.8084
483;34.0036;28.2408;20.8143
484;34.0546;28.2868;20.8631
485;34.0873;28.316;20.8938
486;34.0628;28.2934;20.8695
487;34.0578;28.2889;20.865
488;34.0092;28.245;20.8184
489;34.0134;28.2498;20.8239
490;34.0567;28.2886;20.8649
491;34.0415;28.2744;20.8495
492;34.0049;28.2413;20.8145
493;34.0003;28.2372;20.8104
494;34.0129;28.2489;20.823
495;34.0634;28.2947;20.8715
496;34.0729;28.3034;20.8807
497;34.003;28.2392;20.8121
498;34.0044;28.2414;20.8148
499;34.0489;28.2816;20.8576
500;34.0436;28.276;20.8513
501;34.0245;28.2591;20.8334
502;34.0003;28.2373;20.8105
503;33.9884;28.2267;20.7993
504;34.0146;28.2506;20.8248
505;34.0567;28.2886;20.8649
506;34.0415;28.2744;20.8495
507;34.0049;28.2413;20.8145
508;34.0003;28.2372;20.8104
509;34.0129;28.2489;20.823
510;38.1755;31.7469;23.5055
511;38.1904;31.76;23.5189
512;38.1002;31.6784;23.4328
513;38.1051;31.6833;23.4379
514;38.1575;31.7308;23.4884
515;38.1518;31.7246;23.4816
516;38.1292;31.7046;23.4604
517;38.1009;31.679;23.4334
518;38.0867;31.6663;23.42
519;38.1172;31.6943;23.4497
520;38.1667;31.7391;23.4971
521;38.1794;31.7507;23.509
522;38.175;31.7458;23.5038
523;38.1583;31.7308;23.4879
524;38.155;31.7279;23.4852
525;38.1767;31.7478;23.5063
526;38.1904;31.76;23.5189
527;38.1136;31.6898;23.4445
528;38.1555;31.7291;23.4866
529;38.2012;31.7702;23.5299
530;38.1522;31.7249;23.4816
531;38.1292;31.7046;23.4604
532;38.1009;31.679;23.4334
533;38.1325;31.7081;23.4644
534;38.1538;31.7271;23.4844
535;38.1208;31.6968;23.4522
536;38.1201;31.6964;23.4514
537;38.1248;31.701;23.4564
538;38.1179;31.6939;23.4489
539;38.1198;31.6968;23.4527
540;38.175;31.7466;23.5051
541;38.1904;31.76;23.5189
542;38.1136;31.6898;23.4445
543;38.1555;31.7291;23.4866
544;38.1768;31.7479;23.5062
545;38.1075;31.6844;23.4387
546;38.0834;31.6632;23.4167
547;38.0577;31.64;23.3922
548;38.1019;31.6805;23.4354
549;38.1519;31.7258;23.4831
550;38.1208;31.6968;23.4522
551;38.1201;31.6964;23.4514
552;38.1249;31.701;23.4564
553;38.118;31.6939;23.4489
554;38.0972;31.6756;23.4299
555;38.1158;31.6928;23.4482
556;38.1208;31.6975;23.4532
557;38.0712;31.6519;23.4047
558;38.1557;31.7288;23.4861
559;38.1871;31.7573;23.5161
560;38.1686;31.74;23.4975
561;38.1511;31.7242;23.481
562;38.1098;31.6868;23.4415
563;38.1099;31.6877;23.4432
564;38.1524;31.7261;23.4834
565;38.1208;31.6968;23.4522
566;38.1584;31.7316;23.4892
567;38.1722;31.7444;23.5025
568;38.1305;31.7054;23.461
569;39.4739;32.8336;24.3164
570;39.4981;32.8551;24.3388
571;39.5178;32.8728;24.3574
572;39.5207;32.8754;24.3603
573;39.5038;32.9095;24.3824
574;39.4802;32.8876;24.3573
575;39.455;32.8655;24.3338
576;39.4366;32.8489;24.3164
577;39.3934;32.8096;24.2748
578;39.3938;32.8108;24.277
579;39.4377;32.8507;24.319
580;39.4049;32.8202;24.2861
581;39.444;32.8565;24.325
582;39.4589;32.8703;24.3393
583;39.4153;32.8293;24.2954
584;39.3811;32.7985;24.2631
585;39.3996;32.8159;24.282
586;39.4191;32.8334;24.3005
587;39.4218;32.836;24.3033
588;39.4425;32.8548;24.3232
589;39.3954;32.8114;24.2766
590;39.4024;32.8185;24.284
591;39.4062;32.8219;24.2882
592;39.392;32.8085;24.2738
593;39.3938;32.8108;24.277
594;39.4045;32.8209;24.2876
595;39.3561;32.7757;24.2389
596;39.4132;32.8287;24.296
597;39.4606;32.8714;24.3408
598;39.4584;32.8687;24.3373
599;39.4609;32.8713;24.34
600;39.3906;32.8067;24.2715
601;39.3835;32.8008;24.2658
602;39.4182;32.8329;24.3001
603;39.4423;32.8547;24.3231
604;39.4168;32.831;24.2976
605;39.4509;32.8625;24.3312
606;39.4488;32.8597;24.3276
607;39.3944;32.8103;24.2753
608;39.3938;32.8109;24.277
609;39.4045;32.8209;24.2876
610;39.4106;32.8257;24.2923
611;39.4879;32.8957;24.3662
612;39.4746;32.8834;24.353
613;39.459;32.8692;24.3377
614;39.4609;32.8713;24.34
615;39.3906;32.8067;24.2715
616;39.3835;32.8008;24.2658
617;39.4181;32.8328;24.3001
618;39.4423;32.8547;24.3231
619;39.4168;32.831;24.2976
620;39.4509;32.8625;24.3312
621;39.4488;32.8597;24.3276
622;39.3944;32.8103;24.2753
623;39.3938;32.8109;24.277
624;39.4045;32.8209;24.2876
625;39.4106;32.8258;24.2923
626;39.4488;32.8607;24.3296
627;39.4026;32.8179;24.2836
628;39.4001;32.8156;24.2806
629;39.4194;32.8338;24.3008
630;40.307;33.5795;24.8639
631;40.3062;33.5781;24.862
632;40.3322;33.6023;24.8879
633;40.314;33.5852;24.8694
634;40.2942;33.5674;24.8506
635;40.3811;33.6469;24.9363
636;40.391;33.6564;24.9461
637;40.3934;33.6577;24.9465
638;40.3407;33.6094;24.8949
639;40.3107;33.5822;24.8661
640;40.3217;33.5926;24.8775
641;40.38;33.6458;24.9351
642;40.3241;33.5945;24.8793
643;40.3726;33.6402;24.9294
644;40.393;33.6586;24.9487
645;40.3205;33.5911;24.8756
646;40.3058;33.5779;24.8617
647;40.3322;33.6023;24.8879
648;40.3367;33.6063;24.892
649;40.375;33.6422;24.9315
650;40.4181;33.6801;24.9713
651;40.3955;33.6596;24.9492
652;40.3935;33.6578;24.9466
653;40.3406;33.6094;24.8949
654;40.3107;33.5822;24.8661
655;40.3217;33.5926;24.8775
656;40.3799;33.6458;24.9351
657;40.3241;33.5945;24.8793
658;40.3726;33.6402;24.9294
659;40.393;33.6586;24.9487
660;40.3205;33.5911;24.8756
661;40.3058;33.5779;24.8617
662;40.3322;33.6023;24.8879
663;40.3368;33.6063;24.892
664;40.3639;33.6321;24.9208
665;40.3556;33.6231;24.9107
666;40.3211;33.5908;24.8753
667;40.3278;33.5985;24.8831
668;40.3299;33.5999;24.885
669;40.3102;33.5818;24.8657
670;40.3217;33.5926;24.8775
671;40.3277;33.5984;24.8838
672;40.2723;33.5471;24.8288
673;40.3596;33.6282;24.9166
674;40.3974;33.6616;24.9518
675;40.3783;33.6442;24.933
676;40.3807;33.6467;24.9357
677;40.3101;33.5817;24.8657
678;40.3098;33.5818;24.8662
679;40.367;33.6341;24.9228
680;40.3557;33.6231;24.9108
681;40.3511;33.6199;24.9077
682;40.3841;33.6498;24.9393
683;40.3673;33.6343;24.9226
684;40.31;33.5817;24.8656
685;40.3217;33.5926;24.8775
686;40.3282;33.5989;24.8843
687;40.3332;33.6031;24.8885
688;40.4361;33.696;24.9879
689;42.1607;35.1944;26.1047
690;42.1311;35.1691;26.0774
691;42.1336;35.1717;26.0804
692;42.0667;35.1107;26.0158
693;42.0644;35.1092;26.015
694;42.1175;35.1568;26.0653
695;42.1075;35.1468;26.0538
696;42.1029;35.1433;26.0506
697;42.1371;35.1743;26.0834
698;42.1245;35.1626;26.0695
699;42.0661;35.1103;26.0154
700;42.077;35.1204;26.0267
701;42.0839;35.1269;26.0338
702;42.0888;35.1311;26.0379
703;42.141;35.1776;26.0871
704;42.0699;35.1136;26.0187
705;42.0747;35.1192;26.0243
706;42.0985;35.14;26.0473
707;42.0652;35.1096;26.0149
708;42.0644;35.1092;26.015
709;42.0942;35.136;26.0432
710;42.0519;35.0975;26.002
711;42.0583;35.1042;26.0102
712;42.1354;35.173;26.0824
713;42.1495;35.1863;26.0958
714;42.1423;35.179;26.0865
715;42.089;35.131;26.0373
716;42.0608;35.1057;26.0108
717;42.0778;35.1212;26.0276
718;42.1405;35.1772;26.0868
719;42.0755;35.1186;26.024
720;42.1327;35.1703;26.0794
721;42.1443;35.1815;26.0906
722;42.0712;35.1149;26.02
723;42.066;35.1104;26.0161
724;42.0942;35.136;26.0432
725;42.091;35.1326;26.039
726;42.1438;35.1803;26.09
727;42.1613;35.1965;26.1073
728;42.1581;35.1932;26.1016
729;42.1424;35.1791;26.0866
730;42.0889;35.131;26.0372
731;42.0608;35.1056;26.0107
732;42.0778;35.1212;26.0275
733;42.1405;35.1772;26.0868
734;42.0755;35.1186;26.024
735;42.1327;35.1703;26.0794
736;42.1443;35.1815;26.0906
737;42.0712;35.1149;26.02
738;42.066;35.1104;26.0161
739;42.0942;35.136;26.0432
740;42.091;35.1326;26.0391
741;42.1241;35.1626;26.0712
742;42.0934;35.1347;26.0413
743;42.083;35.1256;26.0305
744;42.0828;35.1263;26.0319
745;42.0829;35.1257;26.0321
746;42.0606;35.1055;26.0106
747;42.0778;35.1212;26.0275
748;42.0847;35.1276;26.0345
749;42.0245;35.0726;25.9756
750;41.6578;34.7693;25.7686
751;41.6865;34.7949;25.7951
752;41.6677;34.778;25.777
753;41.6611;34.7719;25.7703
754;41.6096;34.7253;25.7213
755;41.6036;34.72;25.7163
756;41.6585;34.7699;25.7693
757;41.6296;34.7435;25.7406
758;41.6521;34.7639;25.7625
759;41.6686;34.7797;25.7794
760;41.6441;34.7567;25.7544
761;41.5982;34.7151;25.7104
762;41.6138;34.7296;25.7265
763;41.6243;34.7397;25.7375
764;41.6265;34.7407;25.7379
765;41.7321;34.8358;25.839
766;41.6895;34.7973;25.7971
767;41.6677;34.778;25.777
768;41.6611;34.7719;25.7703
769;41.6096;34.7253;25.7213
770;41.6035;34.72;25.7163
771;41.6585;34.7699;25.7693
772;41.6296;34.7435;25.7406
773;41.6521;34.7639;25.7625
774;41.6686;34.7797;25.7794
775;41.6441;34.7567;25.7544
776;41.5982;34.7151;25.7104
777;41.6138;34.7296;25.7265
778;41.6243;34.7397;25.7375
779;41.6266;34.7407;25.7379
780;41.679;34.788;25.7883
781;41.6031;34.7193;25.7147
782;41.6115;34.7282;25.7242
783;41.6249;34.7404;25.738
784;41.6082;34.7243;25.7204
785;41.6035;34.7199;25.7163
786;41.6282;34.7426;25.7402
787;41.5747;34.6923;25.6852
788;41.6155;34.7322;25.7293
789;41.6724;34.7824;25.7822
790;41.6809;34.7906;25.7898
791;41.6783;34.7876;25.7864
792;41.6134;34.7286;25.7247
793;41.6002;34.7164;25.7119
794;41.6187;34.7341;25.7312
795;41.6787;34.7878;25.7881
796;41.6132;34.7285;25.7245
797;41.6691;34.7794;25.7791
798;41.6761;34.7859;25.7853
799;41.6105;34.7261;25.7218
800;41.6036;34.72;25.7163
801;41.6282;34.7426;25.7402
802;41.6289;34.743;25.7403
803;41.695;34.8025;25.8037
804;41.6949;34.8021;25.8021
805;41.6865;34.795;25.7936
806;41.6784;34.7877;25.7865
807;41.6133;34.7286;25.7247
808;41.6002;34.7164;25.7119
809;42.0808;35.1241;26.0311
810;42.1433;35.1796;26.0893
811;42.0765;35.1195;26.0249
812;42.1335;35.1711;26.0803
813;42.1405;35.1777;26.0865
814;42.0738;35.1173;26.0226
815;42.0674;35.1115;26.0174
816;42.0923;35.1343;26.0413
817;42.0927;35.1345;26.0412
818;42.126;35.1642;26.0729
819;42.0862;35.1282;26.0344
820;42.0785;35.1218;26.0265
821;42.0872;35.1307;26.0372
822;42.0791;35.1217;26.0273
823;42.0639;35.1079;26.0129
824;42.0771;35.1206;26.0269
825;42.084;35.127;26.0339
826;42.0286;35.0764;25.9796
827;42.127;35.1655;26.0749
828;42.1457;35.1827;26.0925
829;42.144;35.181;26.0884
830;42.1075;35.1477;26.055
831;42.0718;35.1156;26.0212
832;42.073;35.1169;26.0236
833;42.1252;35.1636;26.0724
834;42.0861;35.1282;26.0344
835;42.1159;35.1552;26.0633
836;42.1472;35.1834;26.0929
837;42.0943;35.1357;26.0421
838;42.0608;35.1056;26.0106
839;42.0771;35.1206;26.0269
840;42.0977;35.139;26.0463
841;42.1007;35.1417;26.0492
842;42.1917;35.2232;26.1354
843;42.1532;35.1885;26.0977
844;42.1441;35.1811;26.0885
845;42.1075;35.1477;26.055
846;42.0718;35.1156;26.0211
847;42.073;35.1169;26.0236
848;42.1252;35.1636;26.0724
849;42.0861;35.1282;26.0344
850;42.1159;35.1552;26.0633
851;42.1472;35.1834;26.0929
852;42.0943;35.1357;26.0421
853;42.0608;35.1056;26.0106
854;42.0771;35.1206;26.0269
855;42.0977;35.139;26.0463
856;42.0977;35.1388;26.046
857;42.1305;35.1682;26.077
858;42.0703;35.114;26.0192
859;42.0771;35.1216;26.0268
860;42.0856;35.1287;26.0355
861;42.0755;35.1184;26.0238
862;42.0731;35.117;26.0237
863;42.0839;35.1271;26.0343
864;42.0318;35.0792;25.9826
865;42.0902;35.1325;26.0398
866;42.1462;35.1825;26.0923
867;42.1417;35.1787;26.0863
868;42.1423;35.1797;26.0885
869;42.068;35.1119;26.017
870;42.9846;35.8857;26.6105
871;43.0256;35.922;26.6484
872;43.0614;35.9537;26.6816
873;43.0171;35.9138;26.639
874;43.0662;35.9583;26.6865
875;43.0635;35.9558;26.6828
876;43.0019;35.9007;26.6251
877;43.0026;35.9014;26.6272
878;43.0138;35.9117;26.638
879;43.0193;35.9164;26.6422
880;43.0994;35.988;26.7181
881;43.0963;35.985;26.7134
882;43.0703;35.9621;26.6899
883;43.0735;35.9657;26.6936
884;42.9968;35.896;26.6201
885;42.9893;35.8893;26.6135
886;43.0256;35.922;26.6484
887;43.0613;35.9537;26.6816
888;43.0171;35.9138;26.639
889;43.0662;35.9583;26.6865
890;43.0635;35.9558;26.6828
891;43.0019;35.9007;26.6251
892;43.0026;35.9014;26.6272
893;43.0138;35.9118;26.638
894;43.0193;35.9164;26.6422
895;43.0593;35.952;26.6798
896;43.0114;35.9088;26.6336
897;43.006;35.9048;26.6284
898;43.0294;35.9257;26.6521
899;42.9952;35.8947;26.6191
900;42.9893;35.8892;26.6135
901;43.0148;35.9124;26.6382
902;43.0069;35.9049;26.6293
903;42.9678;35.87;26.5931
904;43.0642;35.9567;26.6852
905;43.0746;35.9663;26.6944
906;43.0775;35.9694;26.6966
907;43.0314;35.9272;26.6531
908;42.9953;35.8948;26.6192
909;43.0029;35.9019;26.6282
910;43.0588;35.9515;26.6795
911;43.0114;35.9088;26.6336
912;43.0526;35.946;26.6735
913;43.0862;35.9762;26.7051
914;43.0095;35.9073;26.6319
915;42.9929;35.8923;26.6158
916;43.0148;35.9124;26.6382
917;43.02;35.9172;26.6432
918;43.0504;35.9442;26.6716
919;43.1169;36.0035;26.7342
920;43.0787;35.9693;26.6973
921;43.0776;35.9695;26.6967
922;43.0314;35.9272;26.6531
923;42.9952;35.8948;26.6191
924;43.0029;35.9019;26.6282
925;43.0587;35.9515;26.6795
926;43.0114;35.9087;26.6336
927;43.0526;35.946;26.6735
928;43.0862;35.9762;26.7051
929;42.5459;35.5161;26.3308
930;42.5284;35.5;26.3141
931;42.5496;35.5198;26.3361
932;42.5548;35.5245;26.341
933;42.5704;35.5386;26.3569
934;42.5804;35.5467;26.365
935;42.5336;35.5051;26.3198
936;42.5456;35.5174;26.3328
937;42.5512;35.5214;26.3376
938;42.5299;35.502;26.3169
939;42.5375;35.5093;26.3259
940;42.549;35.5194;26.3359
941;42.4901;35.4659;26.2786
942;42.5671;35.5355;26.353
943;42.6192;35.582;26.4016
944;42.5444;35.5148;26.3299
945;42.5152;35.4887;26.3029
946;42.5243;35.4977;26.313
947;42.5648;35.5336;26.3506
948;42.6371;35.5984;26.419
949;42.6385;35.5984;26.419
950;42.5835;35.5498;26.3668
951;42.5798;35.5474;26.3634
952;42.5529;35.5227;26.3386
953;42.5299;35.502;26.3169
954;42.5375;35.5093;26.3259
955;42.549;35.5194;26.3359
956;42.5244;35.4968;26.3114
957;42.6196;35.582;26.4019
958;42.6722;35.6288;26.4507
959;42.594;35.5589;26.3762
960;42.543;35.5136;26.3288
961;42.5328;35.5045;26.3185
962;42.5648;35.5336;26.3506
963;42.6371;35.5983;26.419
964;42.6384;35.5984;26.419
965;42.5835;35.5498;26.3668
966;42.6144;35.5781;26.3973
967;42.6186;35.5817;26.4015
968;42.6112;35.5744;26.3928
969;42.5846;35.5509;26.3683
970;42.5533;35.5228;26.3387
971;42.5244;35.4968;26.3114
972;42.5747;35.5416;26.3591
973;42.5803;35.5465;26.3641
974;42.5375;35.5085;26.3234
975;42.5056;35.48;26.2936
976;42.5276;35.5002;26.3152
977;42.5648;35.5336;26.3506
978;42.6194;35.5825;26.4022
979;42.5803;35.5471;26.3642
980;42.5405;35.5115;26.3268
981;42.6126;35.5767;26.3962
982;42.6186;35.5817;26.4015
983;42.6112;35.5744;26.3928
984;42.5248;35.497;26.3112
985;42.4765;35.4537;26.2658
986;42.5088;35.4831;26.2975
987;42.5742;35.5412;26.3588
988;42.5803;35.5465;26.3641
989;42.5375;35.5085;26.3234
990;41.5822;34.7002;25.6942
991;41.5945;34.7134;25.7091
992;41.6356;34.7495;25.7475
993;41.6891;34.7975;25.7983
994;41.6515;34.7632;25.7613
995;41.6127;34.7282;25.7244
996;41.6823;34.7916;25.7922
997;41.6884;34.7968;25.7975
998;41.6815;34.7898;25.7893
999;41.5976;34.7142;25.7093
1000;41.568;34.686;25.6784
1001;41.6375;34.751;25.749
1002;41.7327;34.8361;25.8391
1003;41.7028;34.8088;25.8092
1004;41.6572;34.7683;25.7665
1005;41.6273;34.7415;25.7385
1006;41.6113;34.7271;25.7234
1007;41.6361;34.7499;25.7478
1008;41.6891;34.7975;25.7983
1009;41.6515;34.7632;25.7613
1010;41.6074;34.7234;25.7192
1011;41.6591;34.7704;25.7698
1012;41.6633;34.7738;25.7733
1013;41.6673;34.7776;25.7768
1014;41.635;34.7483;25.7457
1015;41.5764;34.6938;25.6869
1016;41.6376;34.7511;25.749
1017;41.6853;34.7939;25.7944
1018;41.6481;34.7601;25.758
1019;41.6442;34.7567;25.7545
1020;41.6702;34.7804;25.7799
1021;41.6887;34.797;25.7974
1022;41.6454;34.7577;25.7555
1023;41.6108;34.7265;25.7226
1024;41.6035;34.7198;25.7156
1025;41.6035;34.7204;25.7168
1026;41.6591;34.7704;25.7698
1027;41.6633;34.7738;25.7733
1028;41.6673;34.7776;25.7768
1029;41.635;34.7483;25.7457
1030;41.5764;34.6938;25.6869
1031;41.6376;34.7511;25.749
1032;41.6853;34.7939;25.7944
1033;41.6481;34.7601;25.758
1034;41.6442;34.7567;25.7545
1035;41.6702;34.7804;25.7799
1036;41.6887;34.797;25.7974
1037;41.6454;34.7577;25.7555
1038;41.6108;34.7265;25.7226
1039;41.6035;34.7198;25.7156
1040;41.6034;34.7204;25.7168
1041;41.6591;34.7704;25.7698
1042;41.6633;34.7738;25.7733
1043;41.6673;34.7776;25.7768
1044;41.635;34.7483;25.7457
1045;41.5764;34.6938;25.6869
1046;41.644;34.7568;25.755
1047;41.7485;34.8508;25.8547
1048;41.7284;34.8322;25.8339
1049;40.7797;34.0304;25.2116
1050;40.7575;34.0107;25.1916
1051;40.7065;33.9637;25.1405
1052;40.6457;33.9079;25.081
1053;40.656;33.9183;25.0929
1054;40.6722;33.933;25.1085
1055;40.6505;33.9128;25.0866
1056;40.7002;33.959;25.1363
1057;40.7342;33.9908;25.1712
1058;40.7461;34.0012;25.1823
1059;40.7752;34.0268;25.2091
1060;40.7188;33.9749;25.1523
1061;40.6817;33.9409;25.1161
1062;40.7698;34.023;25.2048
1063;40.7502;34.0042;25.1847
1064;40.7273;33.9815;25.1593
1065;40.7232;33.9794;25.1576
1066;40.7065;33.9637;25.1405
1067;40.6457;33.9079;25.081
1068;40.656;33.9183;25.0929
1069;40.6722;33.933;25.1085
1070;40.6505;33.9128;25.0866
1071;40.6668;33.9282;25.1034
1072;40.6683;33.9294;25.1044
1073;40.6702;33.9311;25.1063
1074;40.7341;33.9905;25.1707
1075;40.7221;33.9769;25.1545
1076;40.6817;33.9409;25.1161
1077;40.7699;34.023;25.2049
1078;40.7502;34.0042;25.1847
1079;40.7273;33.9815;25.1593
1080;40.7232;33.9794;25.1576
1081;40.7065;33.9637;25.1405
1082;40.6457;33.9079;25.081
1083;40.656;33.9183;25.0929
1084;40.6722;33.933;25.1085
1085;40.6858;33.9461;25.122
1086;40.7541;34.008;25.1892
1087;40.7316;33.9874;25.167
1088;40.7132;33.9689;25.1461
1089;40.733;33.9897;25.17
1090;40.7221;33.9769;25.1545
1091;40.6943;33.9525;25.1285
1092;40.8303;34.0764;25.2613
1093;40.7948;34.0443;25.2268
1094;40.7239;33.9795;25.1571
1095;40.723;33.9793;25.1576
1096;40.7065;33.9637;25.1405
1097;40.7008;33.9583;25.1347
1098;40.7334;33.9899;25.1699
1099;40.6896;33.9485;25.1245
1100;40.6916;33.9503;25.1259
1101;40.7541;34.008;25.1892
1102;40.7316;33.9874;25.167
1103;40.7132;33.9689;25.1461
1104;40.733;33.9897;25.17
1105;40.6986;33.9565;25.1329
1106;40.642;33.9047;25.0777
1107;40.7408;33.9967;25.1773
1108;40.7457;34.0004;25.1806
1109;40.6775;33.9374;25.1125
1110;42.0702;35.1144;26.0205
1111;42.0892;35.1315;26.0383
1112;42.092;35.1339;26.0408
1113;42.1256;35.1639;26.0726
1114;42.0841;35.1264;26.0324
1115;42.078;35.1214;26.0261
1116;42.0899;35.1332;26.0401
1117;42.0709;35.1148;26.0204
1118;42.062;35.1063;26.0114
1119;42.0794;35.1227;26.0291
1120;42.0819;35.1248;26.0312
1121;42.0332;35.0806;25.9841
1122;42.1309;35.169;26.0786
1123;42.1449;35.1819;26.0913
1124;42.1448;35.1819;26.0896
1125;42.104;35.1445;26.0516
1126;42.0697;35.1137;26.0192
1127;42.0743;35.1183;26.0253
1128;42.125;35.1634;26.0722
1129;42.0841;35.1264;26.0324
1130;42.1189;35.1579;26.0662
1131;42.1506;35.1864;26.0961
1132;42.0876;35.1297;26.0357
1133;42.0598;35.1048;26.0098
1134;42.0794;35.1227;26.0291
1135;42.0912;35.1338;26.0413
1136;42.106;35.1468;26.0551
1137;42.1896;35.2214;26.1333
1138;42.1505;35.1861;26.0951
1139;42.1449;35.1819;26.0897
1140;42.1039;35.1445;26.0516
1141;42.0697;35.1137;26.0192
1142;42.0743;35.1183;26.0253
1143;42.125;35.1634;26.0721
1144;42.0841;35.1264;26.0324
1145;42.1189;35.1579;26.0662
1146;42.1506;35.1864;26.0961
1147;42.0876;35.1297;26.0357
1148;42.0598;35.1048;26.0098
1149;42.0794;35.1227;26.0291
1150;42.0912;35.1338;26.0413
1151;42.1015;35.1425;26.0504
1152;42.1257;35.1639;26.0724
1153;42.0698;35.1136;26.0188
1154;42.079;35.1234;26.0289
1155;42.0857;35.1286;26.0353
1156;42.0738;35.1168;26.022
1157;42.0744;35.1183;26.0253
1158;42.0843;35.1272;26.0342
1159;42.0292;35.0769;25.9801
1160;42.0956;35.1374;26.045
1161;42.1497;35.1857;26.0956
1162;42.1401;35.1771;26.0842
1163;42.1394;35.1771;26.0859
1164;42.0677;35.1116;26.0167
1165;42.0605;35.1053;26.0105
1166;42.1019;35.1429;26.0506
1167;42.1258;35.1639;26.0724
1168;42.094;35.1353;26.0419
1169;43.0624;35.9552;26.6839
1170;43.0197;35.9167;26.642
1171;43.0031;35.9013;26.6255
1172;43.0041;35.9029;26.629
1173;43.0141;35.9119;26.638
1174;42.9571;35.8604;26.5827
1175;43.0259;35.9223;26.6489
1176;43.0812;35.9718;26.7007
1177;43.0713;35.963;26.6892
1178;43.0706;35.963;26.6909
1179;42.9965;35.8957;26.6198
1180;42.9894;35.8894;26.6137
1181;43.0322;35.928;26.6547
1182;43.0564;35.9492;26.6768
1183;43.0237;35.9197;26.6453
1184;43.0656;35.9578;26.6858
1185;43.0197;35.9168;26.642
1186;43.0031;35.9013;26.6255
1187;43.0041;35.9029;26.629
1188;43.0141;35.9119;26.638
1189;42.9571;35.8604;26.5827
1190;42.9839;35.8845;26.6088
1191;42.9926;35.8923;26.6175
1192;43.0025;35.9022;26.6263
1193;43.0304;35.9266;26.6531
1194;42.995;35.8946;26.6189
1195;42.9894;35.8894;26.6137
1196;43.0186;35.9158;26.6418
1197;42.9975;35.8967;26.6212
1198;42.9821;35.8822;26.6055
1199;43.0637;35.9562;26.6847
1200;43.0197;35.9167;26.642
1201;43.0031;35.9013;26.6255
1202;42.9507;35.8547;26.5768
1203;42.9416;35.8463;26.5681
1204;42.9389;35.8442;26.5662
1205;42.9833;35.884;26.6084
1206;42.9926;35.8923;26.6175
1207;43.0025;35.9022;26.6263
1208;43.0304;35.9266;26.6531
1209;42.995;35.8946;26.6189
1210;42.9894;35.8894;26.6137
1211;43.0186;35.9158;26.6418
1212;42.9975;35.8967;26.6212
1213;42.9821;35.8822;26.6055
1214;43.0637;35.9562;26.6847
1215;43.0197;35.9167;26.642
1216;43.0031;35.9013;26.6255
1217;42.9507;35.8546;26.5768
1218;42.9416;35.8463;26.568
1219;42.9389;35.8442;26.5662
1220;42.9832;35.884;26.6084
1221;42.9926;35.8923;26.6174
1222;43.0024;35.9022;26.6263
1223;43.0304;35.9266;26.6531
1224;42.995;35.8946;26.6189
1225;42.9894;35.8894;26.6137
1226;43.0186;35.9158;26.6418
1227;42.9975;35.8967;26.6212
1228;42.9655;35.8679;26.5909
1229;42.9924;35.8921;26.6167
1230;42.9415;35.8464;26.5681
1231;42.9391;35.8444;26.5663
1232;42.9388;35.8442;26.5661
1233;42.9388;35.8442;26.5661
1234;42.9388;35.8442;26.5661
1235;42.9388;35.8442;26.5661
1236;42.9388;35.8442;26.5661
1237;42.9868;35.8876;26.6122
1238;43.0298;35.9261;26.6527
1239;42.995;35.8946;26.6189
1240;42.9794;35.88;26.6031
1241;42.9401;35.8452;26.567
1242;42.9388;35.8442;26.5662
1243;42.9634;35.8663;26.5896
1244;42.9924;35.8921;26.6167
1245;42.9415;35.8464;26.5681
1246;42.9391;35.8444;26.5663
1247;42.9388;35.8442;26.5661
1248;42.9388;35.8442;26.5661
1249;42.9388;35.8442;26.5661
1250;42.9388;35.8442;26.5661
1251;42.9388;35.8442;26.5661
1252;42.9868;35.8876;26.6122
1253;43.0298;35.9261;26.6527
1254;42.995;35.8946;26.6189
1255;42.9794;35.88;26.6031
1256;42.9401;35.8452;26.567
1257;42.9388;35.8442;26.5662
1258;42.9634;35.8663;26.5896
1259;42.9924;35.892;26.6167
1260;42.9408;35.8458;26.5674
1261;42.9388;35.8442;26.5662
1262;42.9388;35.8442;26.5661
1263;42.9388;35.8442;26.5661
1264;42.9388;35.8442;26.5661
1265;42.9388;35.8442;26.5661
1266;42.9388;35.8442;26.5661
1267;42.9388;35.8442;26.5661
1268;42.9388;35.8442;26.5661
1269;42.9388;35.8442;26.5661
1270;42.9388;35.8442;26.5661
1271;42.9388;35.8442;26.5661
1272;42.9388;35.8442;26.5661
1273;42.9388;35.8442;26.5661
1274;42.9388;35.8442;26.5661
1275;42.9388;35.8442;26.5661
1276;42.9388;35.8442;26.5661
1277;42.9388;35.8442;26.5661
1278;42.9388;35.8442;26.5661
1279;42.9388;35.8442;26.5661
1280;42.9388;35.8442;26.5661
1281;42.9388;35.8442;26.5661
1282;42.9388;35.8442;26.5661
1283;42.9388;35.8442;26.5661
1284;42.9388;35.8442;26.5661
1285;42.9388;35.8442;26.5661
1286;42.9388;35.8442;26.5661
1287;42.9388;35.8442;26.5661
1288;42.9388;35.8442;26.5661
1289;42.4763;35.4536;26.2657
1290;42.4745;35.4522;26.2646
1291;42.4745;35.4522;26.2646
1292;42.4745;35.4522;26.2646
1293;42.4745;35.4522;26.2646
1294;42.4745;35.4522;26.2646
1295;42.4745;35.4522;26.2646
1296;42.4745;35.4522;26.2646
1297;42.4745;35.4522;26.2646
1298;42.4745;35.4522;26.2646
1299;42.4745;35.4522;26.2646
1300;42.4745;35.4522;26.2646
1301;42.4745;35.4522;26.2646
1302;42.4745;35.4522;26.2646
1303;42.4745;35.4522;26.2646
1304;42.4745;35.4522;26.2646
1305;42.4745;35.4522;26.2646
1306;42.4745;35.4522;26.2646
1307;42.4745;35.4522;26.2646
1308;42.4745;35.4522;26.2646
1309;42.4745;35.4522;26.2646
1310;42.4745;35.4522;26.2646
1311;42.4745;35.4522;26.2646
1312;42.4745;35.4522;26.2646
1313;42.4745;35.4522;26.2646
1314;42.4745;35.4522;26.2646
1315;42.4745;35.4522;26.2646
1316;42.4745;35.4522;26.2646
1317;42.4745;35.4522;26.2646
1318;42.4745;35.4522;26.2646
1319;42.4745;35.4522;26.2646
1320;42.4745;35.4522;26.2646
1321;42.4745;35.4522;26.2646
1322;42.4745;35.4522;26.2646
1323;42.4745;35.4522;26.2646
1324;42.4745;35.4522;26.2646
1325;42.4745;35.4522;26.2646
1326;42.4745;35.4522;26.2646
1327;42.4745;35.4522;26.2646
1328;42.4745;35.4522;26.2646
1329;42.4745;35.4522;26.2646
1330;42.4745;35.4522;26.2646
1331;42.4745;35.4522;26.2646
1332;42.4745;35.4522;26.2646
1333;42.4745;35.4522;26.2646
1334;42.4745;35.4522;26.2646
1335;42.4745;35.4522;26.2646
1336;42.4745;35.4522;26.2646
1337;42.4745;35.4522;26.2646
1338;42.4745;35.4522;26.2646
1339;42.4745;35.4522;26.2646
1340;42.4745;35.4522;26.2646
1341;42.4745;35.4522;26.2646
1342;42.4745;35.4522;26.2646
1343;42.4745;35.4522;26.2646
1344;42.4745;35.4522;26.2646
1345;42.4745;35.4522;26.2646
1346;42.4745;35.4522;26.2646
1347;42.4745;35.4522;26.2646
1348;42.4745;35.4522;26.2646
1349;42.4745;35.4522;26.2646
1350;42.0128;35.0621;25.9647
1351;42.0108;35.0607;25.9635
1352;42.0108;35.0607;25.9635
1353;42.0108;35.0607;25.9635
1354;42.0108;35.0607;25.9635
1355;42.0108;35.0607;25.9635
1356;42.0108;35.0607;25.9635
1357;42.0108;35.0607;25.9635
1358;42.0108;35.0607;25.9635
1359;42.0108;35.0607;25.9635
1360;42.0108;35.0607;25.9635
1361;42.0108;35.0607;25.9635
1362;42.0108;35.0607;25.9635
1363;42.0108;35.0607;25.9635
1364;42.0108;35.0607;25.9635
1365;42.0108;35.0607;25.9635
1366;42.0108;35.0607;25.9635
1367;42.0108;35.0607;25.9635
1368;42.0108;35.0607;25.9635
1369;42.0108;35.0607;25.9635
1370;42.0108;35.0607;25.9635
1371;42.0108;35.0607;25.9635
1372;42.0108;35.0607;25.9635
1373;42.0108;35.0607;25.9635
1374;42.0108;35.0607;25.9635
1375;42.0108;35.0607;25.9635
1376;42.0108;35.0607;25.9635
1377;42.0108;35.0607;25.9635
1378;42.0108;35.0607;25.9635
1379;42.0108;35.0607;25.9635
1380;42.0108;35.0607;25.9635
1381;42.0108;35.0607;25.9635
1382;42.0108;35.0607;25.9635
1383;42.0108;35.0607;25.9635
1384;42.0108;35.0607;25.9635
1385;42.0108;35.0607;25.9635
1386;42.0108;35.0607;25.9635
1387;42.0108;35.0607;25.9635
1388;42.0108;35.0607;25.9635
1389;42.0108;35.0607;25.9635
1390;42.0108;35.0607;25.9635
1391;42.0108;35.0607;25.9635
1392;42.0108;35.0607;25.9635
1393;42.0108;35.0607;25.9635
1394;42.0108;35.0607;25.9635
1395;42.0108;35.0607;25.9635
1396;42.0108;35.0607;25.9635
1397;42.0108;35.0607;25.9635
1398;42.0108;35.0607;25.9635
1399;42.0108;35.0607;25.9635
1400;42.0108;35.0607;25.9635
1401;42.0108;35.0607;25.9635
1402;42.0108;35.0607;25.9635
1403;42.0108;35.0607;25.9635
1404;42.0108;35.0607;25.9635
1405;42.0108;35.0607;25.9635
1406;42.0108;35.0607;25.9635
1407;42.0108;35.0607;25.9635
1408;42.0108;35.0607;25.9635
1409;39.701;33.1096;24.4629
1410;39.6987;33.108;24.4617
1411;39.6987;33.1079;24.4617
1412;39.6987;33.1079;24.4617
1413;39.6987;33.1079;24.4617
1414;39.6987;33.1079;24.4617
1415;39.6987;33.1079;24.4617
1416;39.6987;33.1079;24.4617
1417;39.6987;33.1079;24.4617
1418;39.6987;33.1079;24.4617
1419;39.6987;33.1079;24.4617
1420;39.6987;33.1079;24.4617
1421;39.6987;33.1079;24.4617
1422;39.6987;33.1079;24.4617
1423;39.6987;33.1079;24.4617
1424;39.6987;33.1079;24.4617
1425;39.6987;33.1079;24.4617
1426;39.6987;33.1079;24.4617
1427;39.6987;33.1079;24.4617
1428;39.6987;33.1079;24.4617
1429;39.6987;33.1079;24.4617
1430;39.6987;33.1079;24.4617
1431;39.6987;33.1079;24.4617
1432;39.6987;33.1079;24.4617
1433;39.6987;33.1079;24.4617
1434;39.6987;33.1079;24.4617
1435;39.6987;33.1079;24.4617
1436;39.6987;33.1079;24.4617
1437;39.6987;33.1079;24.4617
1438;39.6987;33.1079;24.4617
1439;39.6987;33.1079;24.4617
1440;39.6987;33.1079;24.4617
